"Iter.","Eval.","Best","Current","Time m:s"
0,7,8.24058935293509762e+01,8.24058935293509762e+01,0.2712015830002201
1,14,4.88943296137465850e+01,4.88943296137465850e+01,0.5416193000000931
2,23,1.87318332000044272e+01,1.87318332000044272e+01,0.8860873690000517
3,31,1.12218339275056209e+01,1.12218339275056209e+01,1.1934725150003942
4,40,4.61255866727128794e+00,4.61255866727128794e+00,1.5381007730002239
5,45,4.44479854501406990e+00,4.44479854501406990e+00,1.7299496919995363
6,49,4.11634833406935741e+00,4.11634833406935741e+00,1.884088378999877
7,54,4.11634833406935741e+00,4.35087617352674627e+00,2.0812888190002923
8,60,4.11634833406935741e+00,4.58927974953885442e+00,2.3128264999995736
9,66,4.11634833406935741e+00,4.39002140080168690e+00,2.5418526960002055
10,75,4.06752689933767098e+00,4.06752689933767098e+00,2.8884942900003807
11,81,4.05874962906624326e+00,4.05874962906624326e+00,3.1196233419996133
12,87,4.05833481642202276e+00,4.05833481642202276e+00,3.351987396000368
13,92,4.04995158041153225e+00,4.04995158041153225e+00,3.5462573790000533
14,98,4.04995158041153225e+00,4.05947651906218354e+00,3.779523680999773
15,102,4.04995158041153225e+00,4.06118466200915407e+00,3.936318250000113
16,106,4.04995158041153225e+00,4.05531992195460589e+00,4.0930935659998795
17,114,4.04995158041153225e+00,4.05038454767616152e+00,4.402918779000174
18,119,4.04816530569278221e+00,4.04816530569278221e+00,4.5976991460001955
19,127,4.03988083889526628e+00,4.03988083889526628e+00,4.9076409199997215
20,132,4.03333381768762411e+00,4.03333381768762411e+00,5.111242359999778
21,136,4.03333381768762411e+00,4.05253923533943450e+00,5.265031275000183
22,144,4.03333381768762411e+00,4.05697794745087581e+00,5.568794892999904
23,149,4.00719601363387756e+00,4.00719601363387756e+00,5.762412697999935
24,157,4.00719601363387756e+00,4.03319386459106433e+00,6.073208847000387
25,161,4.00719601363387756e+00,4.05205992834467210e+00,6.229373051999573
26,165,3.96976623733451772e+00,3.96976623733451772e+00,6.382934123999803
27,166,3.96976623733451772e+00,4.14224148025832228e+00,6.422793822999665
28,169,3.96976623733451772e+00,4.02724150844419082e+00,6.537572487000034
29,174,3.83795698471829505e+00,3.83795698471829505e+00,6.731203491999622
30,178,3.83795698471829505e+00,3.88556603316034677e+00,6.8863147570000365
31,183,3.83795698471829505e+00,3.95823836535172102e+00,7.079971766000199
32,186,3.82790084318556278e+00,3.82790084318556278e+00,7.197333854000135
33,192,3.82790084318556278e+00,3.87610749460096793e+00,7.430121608000263
34,195,3.82790084318556278e+00,4.05392685414097809e+00,7.544849529000203
35,201,3.82790084318556278e+00,3.85021701179243747e+00,7.774276881999867
36,210,3.82790084318556278e+00,3.94943772204146670e+00,8.119538005000322
37,217,3.82186768838541324e+00,3.82186768838541324e+00,8.392262545999984
38,223,3.82186768838541324e+00,3.85485447469444731e+00,8.625887862000127
39,225,3.82186768838541324e+00,3.98583789784071740e+00,8.704934925999623
40,232,3.82186768838541324e+00,3.93927412791307674e+00,8.980625105999934
41,237,3.82186768838541324e+00,3.89277711969723716e+00,9.177538461999575
42,241,3.80903069449657927e+00,3.80903069449657927e+00,9.333603045999553
43,246,3.79827361711650857e+00,3.79827361711650857e+00,9.528359861000354
44,252,3.61082415968724701e+00,3.61082415968724701e+00,9.764592329000152
45,256,3.61082415968724701e+00,3.79890815222427491e+00,9.92075763899993
46,261,3.59025187186415717e+00,3.59025187186415717e+00,10.11676542799978
47,266,3.59025187186415717e+00,3.70397457866431079e+00,10.316382592999616
48,274,3.59025187186415717e+00,3.66658827460024961e+00,10.634751655999935
49,278,3.51456962332468548e+00,3.51456962332468548e+00,10.79076268999961
50,283,3.40442394352709954e+00,3.40442394352709954e+00,10.989439242000117
51,286,3.40442394352709954e+00,3.57299308616821021e+00,11.106271288999778
52,289,3.40442394352709954e+00,3.79139642878359728e+00,11.22415694099982
53,298,3.40442394352709954e+00,3.57293188817690188e+00,11.573371993000364
54,305,3.40442394352709954e+00,3.53322159908462918e+00,11.846091602999877
55,309,3.40442394352709954e+00,3.69581741300382038e+00,12.00227484900006
56,315,3.40442394352709954e+00,3.63218510078993706e+00,12.234932417999516
57,316,3.40442394352709954e+00,3.90045624634935129e+00,12.275243850999686
58,320,3.40442394352709954e+00,3.84813081413132441e+00,12.431762291000268
59,326,3.40442394352709954e+00,3.72535480047288425e+00,12.663394389000132
60,332,3.40442394352709954e+00,3.74329234448859172e+00,12.899094839999634
61,339,3.40442394352709954e+00,3.68649741802934505e+00,13.172086413000216
62,344,3.40442394352709954e+00,3.60334004000448438e+00,13.37469013000009
63,346,3.40442394352709954e+00,3.71129770241963808e+00,13.45358037799997
64,356,3.40442394352709954e+00,3.63850896937715262e+00,13.841138101999604
65,363,3.40442394352709954e+00,3.65249993568585651e+00,14.112613506000343
66,371,3.40442394352709954e+00,3.59509576948474852e+00,14.424075889999585
67,376,3.40442394352709954e+00,3.76001517586133316e+00,14.619818418999785
68,383,3.40442394352709954e+00,3.55272502456056394e+00,14.891443927000182
69,387,3.40442394352709954e+00,3.57819186110151799e+00,15.049752730000364
70,392,3.40442394352709954e+00,3.49661777690428632e+00,15.24438119000024
71,397,3.40442394352709954e+00,3.62253059362540597e+00,15.442217148000054
72,400,3.40442394352709954e+00,3.60389609539742883e+00,15.561472706000131
73,406,3.40442394352709954e+00,3.59903723401530096e+00,15.796452526000394
74,413,3.40442394352709954e+00,3.56110447923906825e+00,16.06954399099959
75,420,3.40442394352709954e+00,3.44028636164482160e+00,16.34372448999966
76,426,3.40442394352709954e+00,3.53294062824621991e+00,16.5819483690002
77,432,3.40442394352709954e+00,3.46577645863852624e+00,16.817466835000232
78,439,3.40442394352709954e+00,3.41599011876540937e+00,17.089650795000125
79,444,3.40442394352709954e+00,3.42756268899560279e+00,17.287031306000245
80,448,3.40442394352709954e+00,3.46789359424529131e+00,17.443112732000372
81,457,3.40442394352709954e+00,3.44364408363723262e+00,17.804539417999877
82,463,3.40442394352709954e+00,3.41643009221551042e+00,18.043570017000093
83,470,3.31164040041913044e+00,3.31164040041913044e+00,18.31694685399998
84,475,3.31164040041913044e+00,3.34467203590095297e+00,18.51332161800019
85,479,3.31164040041913044e+00,3.35372061613883110e+00,18.66949445099999
86,483,3.31164040041913044e+00,3.39505498523709992e+00,18.825827171999663
87,490,3.31164040041913044e+00,3.40129530124314350e+00,19.099813386000278
88,497,3.31164040041913044e+00,3.39784116115584700e+00,19.37136962400018
89,505,3.31164040041913044e+00,3.38818357371032608e+00,19.681951513000058
90,510,3.31164040041913044e+00,3.39385998969033897e+00,19.87893814400013
91,514,3.31164040041913044e+00,3.41224144832486198e+00,20.034839306000322
92,519,3.31164040041913044e+00,3.39049014353239642e+00,20.23166008499993
93,524,3.31164040041913044e+00,3.38379323718771463e+00,20.42650533199958
94,529,3.31164040041913044e+00,3.42121326114947300e+00,20.62288641899977
95,534,3.31164040041913044e+00,3.42463273125053824e+00,20.817944491000162
96,542,3.31164040041913044e+00,3.42205956344675899e+00,21.130388984000092
97,548,3.31164040041913044e+00,3.43253131765146380e+00,21.364030292999814
98,557,3.31164040041913044e+00,3.42480383134252397e+00,21.713231554999766
99,564,3.31164040041913044e+00,3.43520764137792112e+00,21.986159045999557
100,573,3.31164040041913044e+00,3.39710910489565832e+00,22.334214311999858
101,578,3.31164040041913044e+00,3.37458338051904105e+00,22.530009578999852
102,582,3.31164040041913044e+00,3.36587907386486584e+00,22.68459091800014
103,586,3.31164040041913044e+00,3.35242012362304376e+00,22.841969285999767
104,590,3.31164040041913044e+00,3.35975296877432106e+00,22.998788427999898
105,597,3.31164040041913044e+00,3.35425993462827998e+00,23.271630541000377
106,603,3.31164040041913044e+00,3.35047701033652201e+00,23.503780719999668
107,608,3.31164040041913044e+00,3.35426719863832457e+00,23.699260555000365
108,614,3.31164040041913044e+00,3.34557432322793247e+00,23.93958288900012
109,619,3.31164040041913044e+00,3.33686586547336184e+00,24.1353373740003
110,624,3.31164040041913044e+00,3.36372357181438852e+00,24.332230539000193
111,629,3.31164040041913044e+00,3.36633521840418348e+00,24.525869385000078
112,638,3.31164040041913044e+00,3.33867359020057552e+00,24.87773871599984
113,646,3.31164040041913044e+00,3.32006343980742669e+00,25.187714202999814
114,654,3.31164040041913044e+00,3.31907353858572041e+00,25.496637772999748
115,664,3.31164040041913044e+00,3.32017359651295063e+00,25.885240278999845
116,670,3.31164040041913044e+00,3.31659291776988541e+00,26.118824203999793
117,677,3.30189413376902596e+00,3.30189413376902596e+00,26.392417056999875
118,682,3.29205181314479756e+00,3.29205181314479756e+00,26.588159459999588
119,690,3.28530645971625113e+00,3.28530645971625113e+00,26.898798895000255
120,695,3.25526622741423965e+00,3.25526622741423965e+00,27.096564677999595
121,701,3.25526622741423965e+00,3.26416641573274191e+00,27.329118673000266
122,709,3.25526622741423965e+00,3.26476882188688000e+00,27.639433213999837
123,719,3.24880558582185586e+00,3.24880558582185586e+00,28.026549105999948
124,726,3.23935971027040948e+00,3.23935971027040948e+00,28.29597597599968
125,731,3.23935971027040948e+00,3.24974691829431572e+00,28.49328928199975
126,736,3.19888437982196105e+00,3.19888437982196105e+00,28.68781370600027
127,743,3.19888437982196105e+00,3.21242520686382704e+00,28.96049817600033
128,751,3.19037841659360355e+00,3.19037841659360355e+00,29.279071928999656
129,758,3.19037841659360355e+00,3.19340546240785450e+00,29.549758312999984
130,760,3.19037841659360355e+00,3.21706866039903439e+00,29.629710502000307
131,766,3.19037841659360355e+00,3.19915385517824324e+00,29.86192705600024
132,772,3.19037841659360355e+00,3.19713157181886309e+00,30.09705421000035
133,780,3.17306267180382529e+00,3.17306267180382529e+00,30.41226237399951
134,788,3.13201290990530490e+00,3.13201290990530490e+00,30.723084045999713
135,795,3.13158246794334971e+00,3.13158246794334971e+00,30.994986083000185
136,798,3.13158246794334971e+00,3.14719151757270987e+00,31.113666885000384
137,807,3.13158246794334971e+00,3.13503128360556360e+00,31.463181176000035
138,811,3.11781426699002751e+00,3.11781426699002751e+00,31.6191038070001
139,819,3.10413000579327125e+00,3.10413000579327125e+00,31.931364727999608
140,829,3.09286457983477092e+00,3.09286457983477092e+00,32.31747544399968
141,832,3.09286457983477092e+00,3.12263070002909426e+00,32.43401267399986
142,838,3.09286457983477092e+00,3.11183747006927458e+00,32.66797690899966
143,847,3.09246869383319067e+00,3.09246869383319067e+00,33.01727192399994
144,853,3.06260834226177003e+00,3.06260834226177003e+00,33.24829376100024
145,859,3.06260834226177003e+00,3.07348083740138778e+00,33.47868904899951
146,865,3.06260834226177003e+00,3.06820904894336444e+00,33.71343616299964
147,873,3.05553918076793707e+00,3.05553918076793707e+00,34.021584054000414
148,876,3.05553918076793707e+00,3.09900897262806252e+00,34.14128006200008
149,884,3.05553918076793707e+00,3.06995982411945523e+00,34.45328537899968
150,891,3.05553918076793707e+00,3.07616950489529639e+00,34.7276567910003
151,898,3.05553918076793707e+00,3.08374836879652214e+00,35.00244147699959
152,907,3.05423161303676594e+00,3.05423161303676594e+00,35.35288431000026
153,910,3.05423161303676594e+00,3.06432064406551552e+00,35.47056273900034
154,916,3.05423161303676594e+00,3.06694358279464341e+00,35.70548562000022
155,921,3.05178548544010519e+00,3.05178548544010519e+00,35.90084787500018
156,926,3.05178548544010519e+00,3.06574088968522451e+00,36.09544933399957
157,933,3.05178548544010519e+00,3.06437804860922469e+00,36.36941676399965
158,942,3.05178548544010519e+00,3.06300593311096936e+00,36.718461745999775
159,951,3.03869334904418320e+00,3.03869334904418320e+00,37.06668548499965
160,956,3.03869334904418320e+00,3.04093300531609412e+00,37.25957742300034
161,961,3.03869334904418320e+00,3.04867365517701572e+00,37.453349358000196
162,969,3.03869334904418320e+00,3.05150667797483521e+00,37.763404203999926
163,976,3.03762092765943192e+00,3.03762092765943192e+00,38.03799159099981
164,980,3.03762092765943192e+00,3.03891406515615969e+00,38.1966543110002
165,989,3.03762092765943192e+00,3.05561076529466114e+00,38.554092274999675
166,997,3.03762092765943192e+00,3.05480326200136210e+00,38.86865442199996
167,1004,3.03762092765943192e+00,3.04132564606676059e+00,39.14023193599951
168,1013,3.03144304893780658e+00,3.03144304893780658e+00,39.498408133999874
169,1018,3.03144304893780658e+00,3.03735285293633561e+00,39.69049919000008
170,1023,3.03144304893780658e+00,3.03330423186991016e+00,39.88272467299976
171,1029,3.03144304893780658e+00,3.04544375754249863e+00,40.11544366399994
172,1037,3.03144304893780658e+00,3.05070560078263542e+00,40.425873358999524
173,1046,3.03144304893780658e+00,3.03289238823977314e+00,40.77762351700039
174,1052,3.03144304893780658e+00,3.03630031767524011e+00,41.00825549199999
175,1060,3.02975712427064714e+00,3.02975712427064714e+00,41.316093782999815
176,1069,3.02627153239290392e+00,3.02627153239290392e+00,41.6699642399999
177,1074,3.02627153239290392e+00,3.02706623679961639e+00,41.86372622700037
178,1082,3.02047308170909723e+00,3.02047308170909723e+00,42.17020453799978
179,1088,3.02047308170909723e+00,3.02188104291983439e+00,42.40219513899956
180,1094,3.01480038427789543e+00,3.01480038427789543e+00,42.6343591269997
181,1098,3.01398457803666187e+00,3.01398457803666187e+00,42.7898826390001
182,1103,3.01398457803666187e+00,3.01584862921527419e+00,42.9833393709996
183,1106,3.01052113755486017e+00,3.01052113755486017e+00,43.10134882799957
184,1109,3.01052113755486017e+00,3.01511076048564197e+00,43.217414699000074
185,1116,3.01052113755486017e+00,3.01347666180297313e+00,43.488547318999736
186,1122,3.01052113755486017e+00,3.01709041109265685e+00,43.71892748400023
187,1130,3.01052113755486017e+00,3.01131802148151717e+00,44.027968575999694
188,1137,3.01052113755486017e+00,3.01107412971373822e+00,44.300034318000144
189,1144,3.01040740052437439e+00,3.01040740052437439e+00,44.57221103400025
190,1151,3.01040740052437439e+00,3.01244097374005326e+00,44.841984667999895
191,1157,3.00950557984723144e+00,3.00950557984723144e+00,45.07306401200003
192,1163,3.00865401464456816e+00,3.00865401464456816e+00,45.30575028000021
193,1168,3.00865401464456816e+00,3.01167419412917248e+00,45.49831308600005
194,1176,3.00865401464456816e+00,3.00945704109300038e+00,45.80828227599977
195,1183,3.00865401464456816e+00,3.01040374523449072e+00,46.07861287200012
196,1188,3.00865401464456816e+00,3.00977661015095421e+00,46.271619121000185
197,1195,3.00565754972633092e+00,3.00565754972633092e+00,46.541767081000216
198,1198,3.00565754972633092e+00,3.00708976990910282e+00,46.658017292000295
199,1204,3.00565754972633092e+00,3.00976081252432381e+00,46.894636240999716
200,1209,3.00565754972633092e+00,3.01053811393492765e+00,47.089591725999526
201,1218,3.00565754972633092e+00,3.00938401153924318e+00,47.43653798699961
202,1227,3.00565754972633092e+00,3.00696281080147587e+00,47.78047047899963
203,1234,3.00259854061906628e+00,3.00259854061906628e+00,48.05010837999998
204,1238,3.00259854061906628e+00,3.00431683304879016e+00,48.206365318999815
205,1243,3.00259854061906628e+00,3.00311975792687225e+00,48.39745811499961
206,1247,3.00259854061906628e+00,3.00325084865950753e+00,48.55279778699969
207,1252,3.00244719741879695e+00,3.00244719741879695e+00,48.744915954000135
208,1256,3.00244719741879695e+00,3.00372828457966845e+00,48.90299261099972
209,1264,3.00244719741879695e+00,3.00356360165097813e+00,49.208135251000385
210,1270,3.00244719741879695e+00,3.00373632459803153e+00,49.44220563399995
211,1278,3.00244719741879695e+00,3.00308676608177061e+00,49.756854471000224
212,1283,3.00219080531591276e+00,3.00219080531591276e+00,49.94830668400027
213,1289,3.00219080531591276e+00,3.00250125213690033e+00,50.17911718199957
214,1295,3.00178805970993112e+00,3.00178805970993112e+00,50.40824649299975
215,1299,3.00178805970993112e+00,3.00185553546949402e+00,50.56196896900019
216,1308,3.00178805970993112e+00,3.00181841326567600e+00,50.905012559999705
217,1315,3.00130059163938068e+00,3.00130059163938068e+00,51.17291389099955
218,1319,3.00130059163938068e+00,3.00153263505410317e+00,51.32720002299993
219,1327,3.00112089892865841e+00,3.00112089892865841e+00,51.63187436899989
220,1334,3.00112089892865841e+00,3.00157404206412659e+00,51.89901857899986
221,1342,3.00048190407695703e+00,3.00048190407695703e+00,52.202647711999816
222,1344,3.00022142524322888e+00,3.00022142524322888e+00,52.28055085199958
223,1350,3.00022142524322888e+00,3.00044208487248865e+00,52.50793384699955
224,1356,3.00022142524322888e+00,3.00062760400903361e+00,52.737380403000316
225,1365,3.00022142524322888e+00,3.00042365501097441e+00,53.07788123199953
226,1370,3.00022142524322888e+00,3.00047332723074378e+00,53.26562331999958
227,1377,3.00022142524322888e+00,3.00051024233503583e+00,53.53158435899968
228,1385,3.00022142524322888e+00,3.00062288689167600e+00,53.83441691799999
229,1392,3.00022142524322888e+00,3.00024001311501731e+00,54.10000572900026
230,1396,3.00022142524322888e+00,3.00062103864833007e+00,54.25361384000007
231,1401,3.00022142524322888e+00,3.00060289065587726e+00,54.446015178999914
232,1407,3.00022142524322888e+00,3.00039276525427079e+00,54.677359725000315
233,1413,3.00022142524322888e+00,3.00051150841596170e+00,54.90720035599952
234,1416,3.00022142524322888e+00,3.00092611408358367e+00,55.02328275000036
235,1424,3.00022142524322888e+00,3.00089046288821537e+00,55.328099547999955
236,1431,3.00022142524322888e+00,3.00030675547141579e+00,55.59388697400027
237,1439,3.00022142524322888e+00,3.00028659221683824e+00,55.89628908600025
238,1445,2.99972114297356285e+00,2.99972114297356285e+00,56.123703465999824
239,1450,2.99972114297356285e+00,3.00010254794657438e+00,56.31448202299998
240,1455,2.99972114297356285e+00,2.99991359165779192e+00,56.50740939499974
241,1459,2.99970378612465050e+00,2.99970378612465050e+00,56.65914952700041
242,1463,2.99970378612465050e+00,3.00007152190390292e+00,56.81382752399986
243,1471,2.99970378612465050e+00,3.00018688082796903e+00,57.11534093600039
244,1476,2.99970378612465050e+00,3.00051507350824664e+00,57.3052189910004
245,1485,2.99970378612465050e+00,3.00047113617447225e+00,57.64824989600038
246,1491,2.99970378612465050e+00,3.00016535037290355e+00,57.8716975819998
247,1496,2.99949324607714463e+00,2.99949324607714463e+00,58.056456745000105
248,1503,2.99949324607714463e+00,2.99954759308368990e+00,58.315201901000364
249,1509,2.99942453559060462e+00,2.99942453559060462e+00,58.54416506599955
250,1513,2.99942453559060462e+00,2.99962053813777985e+00,58.70244686499973
251,1520,2.99942453559060462e+00,2.99960257853737167e+00,58.96401022400005
252,1527,2.99942453559060462e+00,2.99952337257112944e+00,59.225385114000346
253,1533,2.99942453559060462e+00,2.99944088681005061e+00,59.45051439300005
254,1540,2.99926956735008421e+00,2.99926956735008421e+00,59.7132930329999
255,1546,2.99926956735008421e+00,2.99959037055030642e+00,59.9383716250004
256,1556,2.99926956735008421e+00,2.99935798648479279e+00,60.313581776999854
257,1561,2.99916003976261036e+00,2.99916003976261036e+00,60.50359526200009
258,1568,2.99907867978436826e+00,2.99907867978436826e+00,60.7669767389998
259,1576,2.99907867978436826e+00,2.99916656538022552e+00,61.06933963600022
260,1582,2.99907867978436826e+00,2.99917969266401485e+00,61.29599964299996
261,1589,2.99907867978436826e+00,2.99932859181289047e+00,61.5593485520003
262,1596,2.99907867978436826e+00,2.99921072265917621e+00,61.822455792000255
263,1606,2.99885087195164157e+00,2.99885087195164157e+00,62.19948917399961
264,1615,2.99878775230891792e+00,2.99878775230891792e+00,62.541484420000415
265,1620,2.99858992414293857e+00,2.99858992414293857e+00,62.72996400699958
266,1622,2.99858992414293857e+00,2.99882675650170505e+00,62.808922000000166
267,1626,2.99858992414293857e+00,2.99862418047102164e+00,62.95898601600038
268,1631,2.99858992414293857e+00,2.99864179538872921e+00,63.14926621199993
269,1635,2.99858992414293857e+00,2.99872746358569886e+00,63.30032401799963
270,1640,2.99858992414293857e+00,2.99869141177451315e+00,63.49213641899951
271,1645,2.99858992414293857e+00,2.99865894332474436e+00,63.680457200999626
272,1650,2.99852069696436452e+00,2.99852069696436452e+00,63.87142339099955
273,1656,2.99852069696436452e+00,2.99859195737979922e+00,64.09970284799965
274,1662,2.99852069696436452e+00,2.99858595789551075e+00,64.32640734799952
275,1672,2.99852069696436452e+00,2.99856381706685937e+00,64.70270279299984
276,1678,2.99836460111187364e+00,2.99836460111187364e+00,64.93898153200007
277,1681,2.99836460111187364e+00,2.99842798298350965e+00,65.05222087400034
278,1687,2.99834136115274497e+00,2.99834136115274497e+00,65.27840508699956
279,1695,2.99824201417250347e+00,2.99824201417250347e+00,65.5801037379997
280,1700,2.99814959428905237e+00,2.99814959428905237e+00,65.77031680500022
281,1706,2.99796470862816600e+00,2.99796470862816600e+00,65.99584366999989
282,1713,2.99786292938605792e+00,2.99786292938605792e+00,66.2609281340001
283,1720,2.99781697681037684e+00,2.99781697681037684e+00,66.5249463199998
284,1723,2.99781697681037684e+00,2.99791705937985009e+00,66.63876044999961
285,1727,2.99781697681037684e+00,2.99797789940081971e+00,66.79002617599963
286,1735,2.99767900099474138e+00,2.99767900099474138e+00,67.09125690899964
287,1740,2.99767900099474138e+00,2.99791799065500308e+00,67.28149010299967
288,1749,2.99767900099474138e+00,2.99773391284814039e+00,67.62026289299956
289,1759,2.99758416198863964e+00,2.99758416198863964e+00,67.99609244800013
290,1765,2.99752343090610518e+00,2.99752343090610518e+00,68.22152069700041
291,1773,2.99747007133926413e+00,2.99747007133926413e+00,68.52227006500016
292,1781,2.99729796086486378e+00,2.99729796086486378e+00,68.82405917699998
293,1789,2.99696430728226426e+00,2.99696430728226426e+00,69.12516131099983
294,1793,2.99696430728226426e+00,2.99709415398771961e+00,69.28299599999991
295,1801,2.99693812510902369e+00,2.99693812510902369e+00,69.58679069699974
296,1808,2.99681757119596304e+00,2.99681757119596304e+00,69.85056056299982
297,1813,2.99657199179559752e+00,2.99657199179559752e+00,70.04059180599961
298,1820,2.99655502464282986e+00,2.99655502464282986e+00,70.30510389600022
299,1828,2.99655502464282986e+00,2.99660588535612105e+00,70.60701479599993
300,1838,2.99645732764169148e+00,2.99645732764169148e+00,70.98464375099957
301,1848,2.99599852237247966e+00,2.99599852237247966e+00,71.36346304899962
302,1858,2.99534972680735034e+00,2.99534972680735034e+00,71.74433360399962
303,1868,2.99493828125367756e+00,2.99493828125367756e+00,72.12303043999964
304,1878,2.99385579593622220e+00,2.99385579593622220e+00,72.50407383099991
305,1886,2.99313782362327352e+00,2.99313782362327352e+00,72.80620103500041
306,1890,2.99302661936998637e+00,2.99302661936998637e+00,72.95785405799961
307,1895,2.99157665648369964e+00,2.99157665648369964e+00,73.14668834999975
308,1901,2.99075056664658945e+00,2.99075056664658945e+00,73.37371848400016
309,1907,2.99047198401708325e+00,2.99047198401708325e+00,73.60307161400033
310,1915,2.98939925635152415e+00,2.98939925635152415e+00,73.90731587000028
311,1918,2.98828436994480340e+00,2.98828436994480340e+00,74.02225031000035
312,1924,2.98809086915294664e+00,2.98809086915294664e+00,74.25259958399965
313,1931,2.98501735479944319e+00,2.98501735479944319e+00,74.51820021399999
314,1937,2.98216414774075655e+00,2.98216414774075655e+00,74.74604461299987
315,1944,2.98216414774075655e+00,2.98371437983769150e+00,75.01281245599966
316,1951,2.98216414774075655e+00,2.98270604429344832e+00,75.27805329300008
317,1958,2.97900676644636997e+00,2.97900676644636997e+00,75.54467817400018
318,1966,2.97900676644636997e+00,2.97966025030957349e+00,75.85086074799983
319,1972,2.97726379261029894e+00,2.97726379261029894e+00,76.0808453059999
320,1980,2.97358338327953620e+00,2.97358338327953620e+00,76.38518911200026
321,1990,2.97107968693117064e+00,2.97107968693117064e+00,76.76795368900002
322,2000,2.96263978917028048e+00,2.96263978917028048e+00,77.15811224499976
323,2009,2.95278746121810398e+00,2.95278746121810398e+00,77.50315309599955
324,2019,2.94759167982892656e+00,2.94759167982892656e+00,77.88609218399961
325,2028,2.94759167982892656e+00,2.94800888805963490e+00,78.23256048599978
326,2038,2.94248239569146675e+00,2.94248239569146675e+00,78.6181476820002
327,2048,2.92918662698205479e+00,2.92918662698205479e+00,79.00444949200028
328,2057,2.90959434990130372e+00,2.90959434990130372e+00,79.35101921099977
329,2066,2.90959434990130372e+00,2.91524134062008011e+00,79.69786163200024
330,2071,2.90959434990130372e+00,2.92890183126067649e+00,79.89401579999958
331,2078,2.90959434990130372e+00,2.92212983521675707e+00,80.16836858399984
332,2087,2.90915608386708646e+00,2.90915608386708646e+00,80.52015956600007
333,2097,2.89371336971698945e+00,2.89371336971698945e+00,80.90828636999959
334,2106,2.88237062353663243e+00,2.88237062353663243e+00,81.25732629599952
335,2116,2.87012039252341911e+00,2.87012039252341911e+00,81.64356681899972
336,2126,2.84248382556198820e+00,2.84248382556198820e+00,82.03008658700037
337,2136,2.83676467610770588e+00,2.83676467610770588e+00,82.42281511599958
338,2146,2.80459083628967187e+00,2.80459083628967187e+00,82.81203010900026
339,2156,2.80459083628967187e+00,2.81291068103992892e+00,83.20127164899986
340,2166,2.76798383028039252e+00,2.76798383028039252e+00,83.59016204799991
341,2175,2.71531081815637299e+00,2.71531081815637299e+00,83.9415264170002
342,2182,2.71531081815637299e+00,2.71922765579479409e+00,84.21526523299963
343,2189,2.71531081815637299e+00,2.71724034696604688e+00,84.489728087
344,2195,2.71531081815637299e+00,2.71537630225896454e+00,84.72536380699967
345,2200,2.70423237943871486e+00,2.70423237943871486e+00,84.92525517800004
346,2204,2.67699137845634727e+00,2.67699137845634727e+00,85.08384691599986
347,2214,2.61802806889198969e+00,2.61802806889198969e+00,85.47892600500018
348,2221,2.57473706995336871e+00,2.57473706995336871e+00,85.75560923899957
349,2229,2.57473706995336871e+00,2.65684560050150331e+00,86.07023628699972
350,2235,2.57473706995336871e+00,2.65000239211764432e+00,86.30870962399968
351,2241,2.57473706995336871e+00,2.60525187653025370e+00,86.54516182499992
352,2248,2.57473706995336871e+00,2.61355334310410692e+00,86.82176593500026
353,2256,2.57473706995336871e+00,2.62617926648140498e+00,87.13482639100039
354,2265,2.57473706995336871e+00,2.65747333273011810e+00,87.49615875800009
355,2273,2.55727688030058964e+00,2.55727688030058964e+00,87.8117530339996
356,2280,2.55727688030058964e+00,2.60355781927368790e+00,88.08704930000022
357,2287,2.53328756641552966e+00,2.53328756641552966e+00,88.36925009399965
358,2294,2.53328756641552966e+00,2.55844827645315620e+00,88.64492718499969
359,2302,2.53328756641552966e+00,2.54006534416697249e+00,88.95893891600008
360,2309,2.53328756641552966e+00,2.55907533260760012e+00,89.2421309399997
361,2315,2.53328756641552966e+00,2.54648991482481302e+00,89.4786514690004
362,2322,2.53328756641552966e+00,2.60061577956456214e+00,89.75561543000003
363,2328,2.50503368353118461e+00,2.50503368353118461e+00,89.99637566500041
364,2333,2.49107131787739666e+00,2.49107131787739666e+00,90.19466477100013
365,2339,2.49107131787739666e+00,2.49608517289220222e+00,90.43330252099986
366,2347,2.49107131787739666e+00,2.49268722850413349e+00,90.75176932100021
367,2353,2.49107131787739666e+00,2.51276056200060616e+00,90.98872063700037
368,2359,2.46744793019040287e+00,2.46744793019040287e+00,91.22766965200026
369,2365,2.46744793019040287e+00,2.49238281357977209e+00,91.4696849310003
370,2373,2.46744793019040287e+00,2.48452744063399100e+00,91.78610633900007
371,2378,2.46744793019040287e+00,2.50290196188188219e+00,91.98294004000036
372,2384,2.46744793019040287e+00,2.53715311626488393e+00,92.22083997299978
373,2393,2.46744793019040287e+00,2.53201058545673252e+00,92.57412870899952
374,2401,2.46744793019040287e+00,2.49434578148817909e+00,92.89206126099998
375,2408,2.46744793019040287e+00,2.51696545966094742e+00,93.17062082299981
376,2415,2.46744793019040287e+00,2.49127099685696729e+00,93.4466193039998
377,2422,2.44387877834964629e+00,2.44387877834964629e+00,93.72463814399998
378,2430,2.43574545479362925e+00,2.43574545479362925e+00,94.04173345599975
379,2439,2.42972192450246371e+00,2.42972192450246371e+00,94.40069581900025
380,2447,2.42972192450246371e+00,2.45329457168562248e+00,94.71697078200032
381,2455,2.42972192450246371e+00,2.44581636160347493e+00,95.0384106749998
382,2461,2.42972192450246371e+00,2.48375040847468131e+00,95.27679868700034
383,2468,2.42972192450246371e+00,2.54259840785139968e+00,95.55458985600035
384,2478,2.42972192450246371e+00,2.48715914923871972e+00,95.94921045399951
385,2484,2.42972192450246371e+00,2.47985781068316236e+00,96.18632290499954
386,2489,2.42972192450246371e+00,2.49964892415386464e+00,96.38616823800021
387,2494,2.42972192450246371e+00,2.49498864826228939e+00,96.5883315279998
388,2502,2.42972192450246371e+00,2.49932489945229408e+00,96.90481272600027
389,2511,2.42972192450246371e+00,2.49571167716385212e+00,97.2604212389997
390,2519,2.42972192450246371e+00,2.46471521084247192e+00,97.57902781699977
391,2527,2.42658609280427129e+00,2.42658609280427129e+00,97.89746878799997
392,2535,2.39223065465698026e+00,2.39223065465698026e+00,98.2156873089998
393,2542,2.39223065465698026e+00,2.44641230420068778e+00,98.49406586300029
394,2547,2.38923816622341390e+00,2.38923816622341390e+00,98.69245814999977
395,2555,2.37411887501902363e+00,2.37411887501902363e+00,99.01074683499974
396,2561,2.35998884952005117e+00,2.35998884952005117e+00,99.25773866899999
397,2570,2.26971815649605535e+00,2.26971815649605535e+00,99.61860952000006
398,2575,2.26971815649605535e+00,2.29757072829893616e+00,99.81560302799971
399,2580,2.23765370095881577e+00,2.23765370095881577e+00,100.02029404699988
400,2587,2.22511860156954411e+00,2.22511860156954411e+00,100.29907493500014
401,2594,2.22511860156954411e+00,2.24235602749801721e+00,100.5784041879997
402,2601,2.20924753118137129e+00,2.20924753118137129e+00,100.85786546100007
403,2604,2.20924753118137129e+00,2.24326134633329488e+00,100.97781071200006
404,2611,2.20924753118137129e+00,2.22248683584055939e+00,101.25571718300034
405,2618,2.16944677636827699e+00,2.16944677636827699e+00,101.54398434999985
406,2623,2.14944721128530025e+00,2.14944721128530025e+00,101.74317251800039
407,2631,2.14944721128530025e+00,2.16502863901963538e+00,102.06499777699992
408,2639,2.11588168202110172e+00,2.11588168202110172e+00,102.38538245400014
409,2648,2.07802807621653196e+00,2.07802807621653196e+00,102.74548889200014
410,2656,2.07802807621653196e+00,2.13521110994945396e+00,103.0681273070004
411,2663,2.07802807621653196e+00,2.15738955956445499e+00,103.34836100800021
412,2669,2.07802807621653196e+00,2.17693605083356800e+00,103.58617688699997
413,2674,2.07802807621653196e+00,2.17873314487676728e+00,103.78600190199995
414,2683,2.07802807621653196e+00,2.09408026487587939e+00,104.14176911399954
415,2690,2.07802807621653196e+00,2.11439106577511815e+00,104.41784836599982
416,2700,2.05417744620185116e+00,2.05417744620185116e+00,104.81442438900012
417,2706,2.01167792391573341e+00,2.01167792391573341e+00,105.05257948399958
418,2714,1.96805900728970040e+00,1.96805900728970040e+00,105.37164751099954
419,2721,1.96805900728970040e+00,1.97264587328669294e+00,105.6509300990001
420,2728,1.92519144936438402e+00,1.92519144936438402e+00,105.9345833970001
421,2736,1.92519144936438402e+00,1.92837234324957674e+00,106.25570765999964
422,2743,1.92326734815885869e+00,1.92326734815885869e+00,106.53818632000002
423,2750,1.92326734815885869e+00,1.94761404614969225e+00,106.82137750000038
424,2760,1.92326734815885869e+00,1.94021774094564803e+00,107.22351450899987
425,2766,1.92326734815885869e+00,1.93927209639388476e+00,107.46624870799951
426,2773,1.92107000201362887e+00,1.92107000201362887e+00,107.74900134299969
427,2778,1.92107000201362887e+00,1.92177992433195466e+00,107.95138633199986
428,2785,1.90419876018578083e+00,1.90419876018578083e+00,108.2427527079999
429,2792,1.90419876018578083e+00,1.96190299832579451e+00,108.5253058799999
430,2800,1.90419876018578083e+00,1.93553796732685868e+00,108.84699808200003
431,2808,1.90419876018578083e+00,1.92546197047823475e+00,109.16751141799978
432,2817,1.90419876018578083e+00,1.91647527298710707e+00,109.52975681800035
433,2825,1.90419876018578083e+00,1.91208342549943322e+00,109.85199628699957
434,2832,1.90419876018578083e+00,1.90945679248815980e+00,110.13415368499955
435,2842,1.90419876018578083e+00,1.93110861670904099e+00,110.53465871099979
436,2851,1.90419876018578083e+00,1.91510937534922876e+00,110.89521908400002
437,2861,1.90419876018578083e+00,1.91637190678781111e+00,111.29591268399963
438,2871,1.90419876018578083e+00,1.91558617971577938e+00,111.69820997500028
439,2881,1.90419876018578083e+00,1.90895727676373372e+00,112.10074952600007
440,2891,1.90419876018578083e+00,1.90577731894352453e+00,112.50294567299989
441,2901,1.90219528404276650e+00,1.90219528404276650e+00,112.90958914099974
442,2911,1.90219528404276650e+00,1.90246031421278050e+00,113.31267166500038
443,2921,1.90219528404276650e+00,1.90830419180759536e+00,113.7206213469999
444,2931,1.89420698177761304e+00,1.89420698177761304e+00,114.12353665800038
445,2941,1.89420698177761304e+00,1.89884285241428952e+00,114.52500820499972
446,2951,1.89128088743442846e+00,1.89128088743442846e+00,114.92738875699979
447,2961,1.88310211857624910e+00,1.88310211857624910e+00,115.32935278399964
448,2971,1.87633846052964048e+00,1.87633846052964048e+00,115.73113440099951
449,2979,1.87633846052964048e+00,1.87705178169710929e+00,116.05154218499956
450,2988,1.86146570002011380e+00,1.86146570002011380e+00,116.4154263219998
451,2997,1.85814902145345973e+00,1.85814902145345973e+00,116.77870291900035
452,3006,1.85814902145345973e+00,1.86144133739281026e+00,117.14132877700013
453,3015,1.84340671770746312e+00,1.84340671770746312e+00,117.50564785899951
454,3025,1.84340671770746312e+00,1.84807828968626575e+00,117.90845464199992
455,3033,1.83638655812400264e+00,1.83638655812400264e+00,118.23260920699977
456,3043,1.81848491287564262e+00,1.81848491287564262e+00,118.63448550799967
457,3052,1.81190381174712445e+00,1.81190381174712445e+00,118.99550556200029
458,3061,1.80131416669727518e+00,1.80131416669727518e+00,119.3580946459997
459,3070,1.80131416669727518e+00,1.81127573953508270e+00,119.71848243499971
460,3080,1.80131416669727518e+00,1.81201968086918219e+00,120.1197564060003
461,3084,1.80131416669727518e+00,1.80676885406770227e+00,120.282096594
462,3091,1.80131416669727518e+00,1.80657871462187658e+00,120.56239613100024
463,3098,1.79458962327410965e+00,1.79458962327410965e+00,120.84111759699954
464,3108,1.77959960472833578e+00,1.77959960472833578e+00,121.24903986499976
465,3118,1.76280723562064989e+00,1.76280723562064989e+00,121.6505871420004
466,3128,1.76280723562064989e+00,1.76483203162255187e+00,122.05107547500029
467,3138,1.74316944768876736e+00,1.74316944768876736e+00,122.45155901099952
468,3148,1.73004683461796671e+00,1.73004683461796671e+00,122.84704865599997
469,3157,1.71081216922009682e+00,1.71081216922009682e+00,123.20358006900005
470,3166,1.71081216922009682e+00,1.71824811731895299e+00,123.56000055200002
471,3175,1.65456928820411320e+00,1.65456928820411320e+00,123.91177841199988
472,3184,1.55471840480853207e+00,1.55471840480853207e+00,124.26459992800028
473,3192,1.55471840480853207e+00,1.56604031740804928e+00,124.57650255600038
474,3201,1.55471840480853207e+00,1.59389091541433947e+00,124.94087301699983
475,3210,1.42074969964273601e+00,1.42074969964273601e+00,125.30142940699989
476,3217,1.25028325868918055e+00,1.25028325868918055e+00,125.57545760500034
477,3227,1.19691172871236495e+00,1.19691172871236495e+00,125.96569777199966
478,3236,1.19691172871236495e+00,1.26955834469260975e+00,126.31213404499977
479,3242,1.19691172871236495e+00,1.20240363161319075e+00,126.54415837099987
480,3248,1.19691172871236495e+00,1.29043925063695974e+00,126.77529686799971
481,3257,1.18852088621376617e+00,1.18852088621376617e+00,127.12136473600003
482,3267,1.08128289109609232e+00,1.08128289109609232e+00,127.5111635889998
483,3276,1.08128289109609232e+00,1.10141014882466126e+00,127.85849719900034
484,3285,1.08128289109609232e+00,1.19260935785162436e+00,128.20795745800024
485,3293,1.08128289109609232e+00,1.12132656282791254e+00,128.51704972900006
486,3303,1.08128289109609232e+00,1.11958396697360052e+00,128.90384720699967
487,3311,1.07276852770960818e+00,1.07276852770960818e+00,129.2153283179996
488,3319,1.06247081454940662e+00,1.06247081454940662e+00,129.52744571200037
489,3329,1.02068522968952968e+00,1.02068522968952968e+00,129.91216953599996
490,3339,9.76115478368322576e-01,9.76115478368322576e-01,130.29950625200036
491,3347,9.76115478368322576e-01,1.00971690149948756e+00,130.61105574199973
492,3356,9.76115478368322576e-01,1.01358026346740515e+00,130.9583981879996
493,3364,9.75353140862918688e-01,9.75353140862918688e-01,131.27111148699987
494,3374,9.69636393139302388e-01,9.69636393139302388e-01,131.65951713899995
495,3384,9.14868537798673831e-01,9.14868537798673831e-01,132.04728131299998
496,3393,8.96151386146801676e-01,8.96151386146801676e-01,132.39794661700034
497,3402,8.51055266611296379e-01,8.51055266611296379e-01,132.75334509200002
498,3408,8.51055266611296379e-01,9.14717902655240445e-01,132.98671350800032
499,3418,7.89906397865380083e-01,7.89906397865380083e-01,133.37577167899963
500,3426,7.89906397865380083e-01,8.09156215767620868e-01,133.68888765999964
501,3435,7.77580859275639136e-01,7.77580859275639136e-01,134.0394617689999
502,3444,7.23408064357141445e-01,7.23408064357141445e-01,134.3941322110004
503,3454,7.00376566123209199e-01,7.00376566123209199e-01,134.778155641
504,3464,6.50685984420698471e-01,6.50685984420698471e-01,135.16616191100002
505,3473,4.51294626589368419e-01,4.51294626589368419e-01,135.51401514200006
506,3483,4.51294626589368419e-01,4.96072823707071120e-01,135.90196583600027
507,3492,4.34442040514828653e-01,4.34442040514828653e-01,136.25096519399995
508,3500,4.34442040514828653e-01,5.11192189809665964e-01,136.56284185299955
509,3510,4.34442040514828653e-01,4.60759235458144734e-01,136.950458067
510,3519,4.34442040514828653e-01,5.59124393367436912e-01,137.30315471799986
511,3528,3.50032709180940649e-01,3.50032709180940649e-01,137.65559987899996
512,3537,3.50032709180940649e-01,5.69878429197668290e-01,138.009845347
513,3547,2.49280238911979063e-01,2.49280238911979063e-01,138.3974460999998
514,3557,2.39082960992653776e-01,2.39082960992653776e-01,138.78501078099998
515,3567,2.39082960992653776e-01,2.46589647680863611e-01,139.17141231799997
516,3576,2.28817399817464046e-01,2.28817399817464046e-01,139.51762054699975
517,3586,2.28336068675624504e-01,2.28336068675624504e-01,139.9035175680001
518,3596,2.02350473213406462e-01,2.02350473213406462e-01,140.29381988800014
519,3602,2.02350473213406462e-01,2.09448681254518682e-01,140.5268943809997
520,3612,2.02350473213406462e-01,2.46131952591122305e-01,140.91559439399953
521,3622,2.02350473213406462e-01,2.11939077386488622e-01,141.3039455799999
522,3630,1.93497278707236875e-01,1.93497278707236875e-01,141.61229051899954
523,3639,1.81435449971996010e-01,1.81435449971996010e-01,141.95909886200025
524,3649,1.78825405632508982e-01,1.78825405632508982e-01,142.34704682099982
525,3659,1.78825405632508982e-01,1.87619929860150109e-01,142.73504662100004
526,3668,1.78825405632508982e-01,1.93350009018507685e-01,143.0854485509999
527,3677,1.73940870565620576e-01,1.73940870565620576e-01,143.43216923199998
528,3687,1.72751177316635446e-01,1.72751177316635446e-01,143.8202750090004
529,3697,1.65037545086342413e-01,1.65037545086342413e-01,144.20942675399965
530,3707,1.61243241030354090e-01,1.61243241030354090e-01,144.59546134100037
531,3717,1.61240015006396398e-01,1.61240015006396398e-01,144.9813593609997
532,3727,1.54411425335504782e-01,1.54411425335504782e-01,145.3673313019999
533,3737,1.47611738801817688e-01,1.47611738801817688e-01,145.7537682129996
534,3747,1.47611738801817688e-01,1.56720139411800685e-01,146.13746447199992
535,3757,1.44467659612812049e-01,1.44467659612812049e-01,146.5219388200003
536,3766,1.44467659612812049e-01,1.44552174847036141e-01,146.87003030199958
537,3776,1.38058440134239513e-01,1.38058440134239513e-01,147.2570736910002
538,3781,1.38058440134239513e-01,1.58666806159536766e-01,147.45102576800036
539,3789,1.38058440134239513e-01,1.50267643747490104e-01,147.76133692799976
540,3798,1.38058440134239513e-01,1.61986535392395714e-01,148.1134037820002
541,3808,1.38058440134239513e-01,1.51837908983933206e-01,148.50788542499959
542,3818,1.38058440134239513e-01,1.51412026147880213e-01,148.89380266100034
543,3828,1.38058440134239513e-01,1.54699422376694290e-01,149.28211796100004
544,3838,1.38058440134239513e-01,1.47203034431974605e-01,149.67146578400025
545,3848,1.38058440134239513e-01,1.48421096992051998e-01,150.06148017600026
546,3858,1.38058440134239513e-01,1.41800239220299162e-01,150.4520464649995
547,3868,1.37608148593576146e-01,1.37608148593576146e-01,150.8406615439999
548,3878,1.37442164064397632e-01,1.37442164064397632e-01,151.2309598490001
549,3888,1.32609423881446253e-01,1.32609423881446253e-01,151.61970913499954
550,3898,1.26271755096195093e-01,1.26271755096195093e-01,152.0054483089998
551,3908,1.25990969220508675e-01,1.25990969220508675e-01,152.39446810800018
552,3918,1.23074757044732905e-01,1.23074757044732905e-01,152.78706932400019
553,3928,1.21615585655024991e-01,1.21615585655024991e-01,153.17509187399992
554,3938,1.19936651797371785e-01,1.19936651797371785e-01,153.56345031399997
555,3947,1.18440412089300826e-01,1.18440412089300826e-01,153.9112605780001
556,3957,1.18440412089300826e-01,1.19777079370838160e-01,154.2957194620003
557,3967,1.17172574244826272e-01,1.17172574244826272e-01,154.68308766300015
558,3977,1.15013215623793699e-01,1.15013215623793699e-01,155.07057761600026
559,3986,1.15013215623793699e-01,1.18287064131091177e-01,155.4171958349998
560,3996,1.13632410363152969e-01,1.13632410363152969e-01,155.80387939499997
561,4006,1.13632410363152969e-01,1.18142357794349478e-01,156.1927132439996
562,4016,1.13632410363152969e-01,1.22355811863297609e-01,156.5797801560002
563,4025,1.13632410363152969e-01,1.15588358147854370e-01,156.92680618699978
564,4034,1.13632410363152969e-01,1.14802562682633211e-01,157.27420486499977
565,4042,1.13632410363152969e-01,1.15954776786690736e-01,157.5866729549998
566,4052,1.12247603947849509e-01,1.12247603947849509e-01,157.97329535799963
567,4062,1.10876334122876716e-01,1.10876334122876716e-01,158.3611456159997
568,4072,1.10452642790056635e-01,1.10452642790056635e-01,158.74696250800025
569,4082,1.08642728895923871e-01,1.08642728895923871e-01,159.14098386899968
570,4092,1.08232831145339894e-01,1.08232831145339894e-01,159.52407416499955
571,4102,1.07277208102385238e-01,1.07277208102385238e-01,159.90895817900036
572,4112,1.04656762006250667e-01,1.04656762006250667e-01,160.29428004199963
573,4122,1.03229136149034464e-01,1.03229136149034464e-01,160.6798641710002
574,4132,9.89785942642441574e-02,9.89785942642441574e-02,161.07158591400002
575,4142,9.89785942642441574e-02,1.00053394678366159e-01,161.45651889999954
576,4152,9.74374334088560501e-02,9.74374334088560501e-02,161.84285061799983
577,4162,9.74033934132957635e-02,9.74033934132957635e-02,162.22964612000033
578,4172,8.97152916561706204e-02,8.97152916561706204e-02,162.61891623999963
579,4182,8.97152916561706204e-02,9.13039397856250934e-02,163.00808666299963
580,4192,8.27270880030771399e-02,8.27270880030771399e-02,163.39665363200038
581,4202,8.27270880030771399e-02,8.92819018609429804e-02,163.78441722699972
582,4212,8.11498292045643582e-02,8.11498292045643582e-02,164.17094295900006
583,4222,8.06551552039463937e-02,8.06551552039463937e-02,164.55643040199993
584,4232,8.06551552039463937e-02,8.17560843203525289e-02,164.94284384299954
585,4242,8.06551552039463937e-02,8.13352487385082673e-02,165.33086483599982
586,4252,7.64749436661914250e-02,7.64749436661914250e-02,165.71839384400027
587,4262,7.36190246880490951e-02,7.36190246880490951e-02,166.10481906600035
588,4272,7.36190246880490951e-02,7.56429177720822354e-02,166.49363564899977
589,4282,6.88094997794081314e-02,6.88094997794081314e-02,166.88294140000016
590,4292,6.88094997794081314e-02,7.09631551468966337e-02,167.27190245099973
591,4302,6.88094997794081314e-02,6.89167527654977324e-02,167.66016069099987
592,4312,6.88094997794081314e-02,7.10051146137183897e-02,168.0486578609998
593,4322,6.88094997794081314e-02,7.06169834872193286e-02,168.43579067999963
594,4332,6.78059143393659608e-02,6.78059143393659608e-02,168.8226532489998
595,4342,6.78059143393659608e-02,6.81846258632832491e-02,169.21538688700002
596,4352,6.61611172911250739e-02,6.61611172911250739e-02,169.60098087400002
597,4362,6.51260947128868145e-02,6.51260947128868145e-02,169.98744363100013
598,4372,6.51260947128868145e-02,6.52645165410165318e-02,170.37876309500007
599,4382,6.41811175427183939e-02,6.41811175427183939e-02,170.76636659399992
600,4392,6.21157385269241261e-02,6.21157385269241261e-02,171.16869191899968
601,4402,6.18015968500205057e-02,6.18015968500205057e-02,171.55590413400023
602,4412,6.18015968500205057e-02,6.38028400764770603e-02,171.94367411599978
603,4422,6.18015968500205057e-02,6.23970354388752868e-02,172.330933061
604,4432,6.18015968500205057e-02,6.27934685453637315e-02,172.71869009700004
605,4442,6.18015968500205057e-02,6.21494494155125643e-02,173.10590177300037
606,4452,5.99222327308288755e-02,5.99222327308288755e-02,173.49473830700026
607,4462,5.95921960785556412e-02,5.95921960785556412e-02,173.882615644
608,4472,5.95921960785556412e-02,5.98018160524641032e-02,174.27182401000027
609,4482,5.91806264877249508e-02,5.91806264877249508e-02,174.6574079510001
610,4492,5.91435529366584681e-02,5.91435529366584681e-02,175.05028635300005
611,4502,5.75700794077744979e-02,5.75700794077744979e-02,175.43770345200028
612,4512,5.75700794077744979e-02,5.75950471791998805e-02,175.82789819899972
613,4522,5.73319766652479468e-02,5.73319766652479468e-02,176.21640421099983
614,4532,5.73319766652479468e-02,5.78658349441741257e-02,176.6037172639999
615,4542,5.70475119803036806e-02,5.70475119803036806e-02,176.9866896980002
616,4552,5.67707865607120846e-02,5.67707865607120846e-02,177.36870793799972
617,4562,5.61319645323403241e-02,5.61319645323403241e-02,177.75651634099995
618,4572,5.58726294803126508e-02,5.58726294803126508e-02,178.15050207900003
619,4582,5.57889797412216074e-02,5.57889797412216074e-02,178.5346004060002
620,4592,5.42759077640877843e-02,5.42759077640877843e-02,178.9226766089996
621,4602,5.42759077640877843e-02,5.48449346674679608e-02,179.30950156400013
622,4612,5.40573716106580587e-02,5.40573716106580587e-02,179.70029647800038
623,4622,5.40573716106580587e-02,5.44654687911163213e-02,180.08350093399986
624,4631,5.40573716106580587e-02,5.46021378736643234e-02,180.4325981410002
625,4641,5.40573716106580587e-02,5.42854806399700948e-02,180.81762157899993
626,4651,5.40212620210680783e-02,5.40212620210680783e-02,181.203563561
627,4661,5.27656947432730908e-02,5.27656947432730908e-02,181.59391141699962
628,4671,5.19104488242635304e-02,5.19104488242635304e-02,181.98210579599981
629,4681,5.18403824847013250e-02,5.18403824847013250e-02,182.37038567000036
630,4688,5.18403824847013250e-02,5.29774190791648530e-02,182.6427756109997
631,4698,5.18403824847013250e-02,5.20818797402392980e-02,183.03157092400033
632,4708,5.18403824847013250e-02,5.22158441791967243e-02,183.41810232599983
633,4716,5.18403824847013250e-02,5.19223586378535287e-02,183.72855006200007
634,4725,5.15952734933251070e-02,5.15952734933251070e-02,184.0760442310002
635,4735,5.05003900910184142e-02,5.05003900910184142e-02,184.462180601
636,4745,5.03840956752656180e-02,5.03840956752656180e-02,184.85925885300003
637,4755,5.03840956752656180e-02,5.12110126008288521e-02,185.24888781800018
638,4765,5.03840956752656180e-02,5.05287639241507325e-02,185.6378877469997
639,4775,5.03840956752656180e-02,5.06441925674670848e-02,186.02444752300016
640,4784,5.03840956752656180e-02,5.04512371535742049e-02,186.3733590109996
641,4794,5.03840956752656180e-02,5.06128502298680699e-02,186.7618685460002
642,4800,5.03840956752656180e-02,5.07721271495984727e-02,186.99683345799986
643,4810,4.97859482478581472e-02,4.97859482478581472e-02,187.38588401499965
644,4820,4.95454669951207252e-02,4.95454669951207252e-02,187.77437739699963
645,4830,4.94429599550373911e-02,4.94429599550373911e-02,188.16197478199956
646,4840,4.90076994092385823e-02,4.90076994092385823e-02,188.55169219300024
647,4850,4.90076994092385823e-02,4.92552347538726051e-02,188.93910978500026
648,4860,4.81825297267414673e-02,4.81825297267414673e-02,189.3278516520004
649,4869,4.79172390519682842e-02,4.79172390519682842e-02,189.6759511549999
650,4877,4.79172390519682842e-02,4.79597995693212820e-02,189.98859007699957
651,4886,4.79172390519682842e-02,4.83707034525737226e-02,190.33743973200035
652,4896,4.77339715481780308e-02,4.77339715481780308e-02,190.7242939329999
653,4902,4.76498301958480780e-02,4.76498301958480780e-02,190.9593458850004
654,4912,4.75611382128231577e-02,4.75611382128231577e-02,191.34693927399985
655,4921,4.75611382128231577e-02,4.76125971004200746e-02,191.70098887600034
656,4930,4.72216139074982388e-02,4.72216139074982388e-02,192.04938016100004
657,4939,4.72216139074982388e-02,4.74345622241157394e-02,192.397253225
658,4948,4.72216139074982388e-02,4.74514347504970402e-02,192.74772045499958
659,4958,4.72216139074982388e-02,4.72866626373725715e-02,193.1438280860002
660,4967,4.72216139074982388e-02,4.73464161023813002e-02,193.49427484900025
661,4977,4.72216139074982388e-02,4.72536253792486399e-02,193.88307237800018
662,4987,4.72216139074982388e-02,4.72529161321508309e-02,194.2725986309997
663,4997,4.72216139074982388e-02,4.72722022291352517e-02,194.66488376799953
664,5007,4.71418885421959755e-02,4.71418885421959755e-02,195.05681729200023
665,5017,4.70634138298323679e-02,4.70634138298323679e-02,195.45193947499956
666,5027,4.70634138298323679e-02,4.71408456668246448e-02,195.84216389799985
667,5037,4.68872209685332192e-02,4.68872209685332192e-02,196.2310456160003
668,5047,4.68437531873607468e-02,4.68437531873607468e-02,196.62620947599953
669,5057,4.66679462928185490e-02,4.66679462928185490e-02,197.01701303499976
670,5067,4.66679462928185490e-02,4.66912554355996753e-02,197.40918863200022
671,5077,4.65323067626335976e-02,4.65323067626335976e-02,197.80311084999994
672,5087,4.65323067626335976e-02,4.65458502036994945e-02,198.191463397
673,5097,4.65323067626335976e-02,4.66091126585251730e-02,198.58611603200006
674,5107,4.65323067626335976e-02,4.65939416291938704e-02,198.97451690700018
675,5117,4.65323067626335976e-02,4.65803789142706162e-02,199.36150192199966
676,5127,4.64373518378873931e-02,4.64373518378873931e-02,199.75157327499983
677,5137,4.63182989664516070e-02,4.63182989664516070e-02,200.13965655500033
678,5147,4.63182989664516070e-02,4.64618387470263836e-02,200.5288249920004
679,5155,4.63182989664516070e-02,4.64984810286257419e-02,200.83838706699953
680,5165,4.63062672016351512e-02,4.63062672016351512e-02,201.23794966900005
681,5174,4.61611777165885431e-02,4.61611777165885431e-02,201.59809999299978
682,5184,4.61057345056332113e-02,4.61057345056332113e-02,201.99196962299993
683,5194,4.59797570422378760e-02,4.59797570422378760e-02,202.3818182089999
684,5204,4.59797570422378760e-02,4.60465577404182147e-02,202.7719744019996
685,5214,4.59797570422378760e-02,4.60396190246788739e-02,203.1588413569998
686,5224,4.59797570422378760e-02,4.60060123138156182e-02,203.5488972639996
687,5234,4.59574205372108024e-02,4.59574205372108024e-02,203.9386014009997
688,5244,4.59574205372108024e-02,4.60050302138416203e-02,204.3325263859997
689,5254,4.59163167328041147e-02,4.59163167328041147e-02,204.7222248850003
690,5263,4.58094787649928614e-02,4.58094787649928614e-02,205.07440519099964
691,5273,4.58094787649928614e-02,4.60623140689007116e-02,205.46556004899958
692,5283,4.58094787649928614e-02,4.60134403318346527e-02,205.8550201649996
693,5293,4.58094787649928614e-02,4.60816959562219478e-02,206.24277861300016
694,5303,4.58094787649928614e-02,4.58254798599946195e-02,206.63163310399977
695,5313,4.57893087122601197e-02,4.57893087122601197e-02,207.02170416900026
696,5323,4.56409457871942703e-02,4.56409457871942703e-02,207.40932003000034
697,5333,4.55409690454588248e-02,4.55409690454588248e-02,207.79720723799983
698,5343,4.54332628756327558e-02,4.54332628756327558e-02,208.18675046800035
699,5353,4.54332628756327558e-02,4.54507998846661529e-02,208.57765894400018
700,5363,4.53763379913833323e-02,4.53763379913833323e-02,208.96548182599963
701,5373,4.53763379913833323e-02,4.54460323359825377e-02,209.35299003
702,5383,4.52964766070362221e-02,4.52964766070362221e-02,209.73910172199976
703,5393,4.51955054525511254e-02,4.51955054525511254e-02,210.12887245299953
704,5403,4.51955054525511254e-02,4.53531124401559821e-02,210.5156440159999
705,5413,4.51778337718442072e-02,4.51778337718442072e-02,210.90352556000016
706,5423,4.48472648032446561e-02,4.48472648032446561e-02,211.29388619400015
707,5433,4.48472648032446561e-02,4.49197963594631447e-02,211.68418204800037
708,5443,4.47653710866785307e-02,4.47653710866785307e-02,212.07402357199953
709,5453,4.47324799522638428e-02,4.47324799522638428e-02,212.4628068889997
710,5463,4.45906620478240187e-02,4.45906620478240187e-02,212.85393906599984
711,5473,4.45823409079631056e-02,4.45823409079631056e-02,213.24233786700006
712,5483,4.45823409079631056e-02,4.45951022260179034e-02,213.6318417499997
713,5493,4.43567024166260787e-02,4.43567024166260787e-02,214.01958542899956
714,5503,4.43561876338973080e-02,4.43561876338973080e-02,214.40913269799967
715,5513,4.43097419182734570e-02,4.43097419182734570e-02,214.80041832299958
716,5523,4.40722915850306693e-02,4.40722915850306693e-02,215.19152747299995
717,5533,4.40722915850306693e-02,4.40982892489811887e-02,215.57970809400013
718,5543,4.40722915850306693e-02,4.42276972813842317e-02,215.9673060240002
719,5553,4.40722915850306693e-02,4.43271045909190420e-02,216.3576650900004
720,5563,4.38654819919046673e-02,4.38654819919046673e-02,216.74876707299973
721,5573,4.38654819919046673e-02,4.39950507945804578e-02,217.14132719400004
722,5583,4.38614200276323946e-02,4.38614200276323946e-02,217.53219051500037
723,5593,4.37406520741443067e-02,4.37406520741443067e-02,217.92285677400014
724,5603,4.37406520741443067e-02,4.39878476256678197e-02,218.31302233600036
725,5613,4.37020472645449701e-02,4.37020472645449701e-02,218.700000154
726,5623,4.35534500788649498e-02,4.35534500788649498e-02,219.0995349650002
727,5633,4.35534500788649498e-02,4.35825627246795994e-02,219.48689517299954
728,5643,4.31907666749449734e-02,4.31907666749449734e-02,219.87643512199975
729,5653,4.31907666749449734e-02,4.33013295498135900e-02,220.271957252
730,5663,4.31396255230691028e-02,4.31396255230691028e-02,220.65863054500005
731,5673,4.31396255230691028e-02,4.33066417565673642e-02,221.0466826840002
732,5683,4.28980374552243165e-02,4.28980374552243165e-02,221.4359554319999
733,5693,4.26215388463995967e-02,4.26215388463995967e-02,221.8216680559999
734,5703,4.22056643457810465e-02,4.22056643457810465e-02,222.20950792799977
735,5713,4.22056643457810465e-02,4.24620911452023991e-02,222.59601743500025
736,5723,4.18729612768547338e-02,4.18729612768547338e-02,222.98525065000013
737,5733,4.18729612768547338e-02,4.22659323242851673e-02,223.37946949599973
738,5743,4.18729612768547338e-02,4.20270358145729134e-02,223.76823369999966
739,5753,4.18729612768547338e-02,4.23230052025386771e-02,224.15476453599967
740,5763,4.18729612768547338e-02,4.24612468161386300e-02,224.5460338740004
741,5773,4.18729612768547338e-02,4.21053589881913645e-02,224.93324705299983
742,5783,4.18729612768547338e-02,4.19541899302211529e-02,225.32761073300026
743,5793,4.18729612768547338e-02,4.19344678111477839e-02,225.71843335599988
744,5803,4.18470063233493256e-02,4.18470063233493256e-02,226.1064822819999
745,5813,4.18470063233493256e-02,4.18528749287760335e-02,226.50213270200038
746,5823,4.13048903602990514e-02,4.13048903602990514e-02,226.89079556100023
747,5833,4.13048903602990514e-02,4.13381465896471567e-02,227.27734252000027
748,5843,4.13048903602990514e-02,4.13850431999744708e-02,227.66712685499988
749,5853,4.09656267467461491e-02,4.09656267467461491e-02,228.0545392260001
750,5863,4.09656267467461491e-02,4.10065902822865924e-02,228.44724009899983
751,5873,4.09656267467461491e-02,4.11053053969715268e-02,228.83953540699986
752,5883,4.05933383922407673e-02,4.05933383922407673e-02,229.23180779799986
753,5893,4.05933383922407673e-02,4.08990129532580543e-02,229.6209007030002
754,5903,4.05346523571834122e-02,4.05346523571834122e-02,230.00861931599957
755,5913,4.04805190645106880e-02,4.04805190645106880e-02,230.3981221590002
756,5923,4.04805190645106880e-02,4.05508298462794042e-02,230.7882409390004
757,5933,4.04805190645106880e-02,4.06821332765936808e-02,231.17947469299997
758,5943,4.01803830274328963e-02,4.01803830274328963e-02,231.56667337999988
759,5953,4.01803830274328963e-02,4.03557808914637370e-02,231.95466803599993
760,5963,4.01803830274328963e-02,4.02184458181921653e-02,232.34593412899994
761,5973,4.01803830274328963e-02,4.03628718931571054e-02,232.73516614100026
762,5983,4.01803830274328963e-02,4.03194523330585100e-02,233.12309974500022
763,5993,4.01803830274328963e-02,4.04282946869492094e-02,233.5107058800004
764,6003,3.99983647983054927e-02,3.99983647983054927e-02,233.90412312900025
765,6013,3.99983647983054927e-02,4.00518313406145118e-02,234.2945724049996
766,6023,3.99852351048392354e-02,3.99852351048392354e-02,234.68262463500014
767,6033,3.98155406159279648e-02,3.98155406159279648e-02,235.0721222000002
768,6043,3.98155406159279648e-02,3.99237844965816477e-02,235.46230936600023
769,6053,3.98117638388692033e-02,3.98117638388692033e-02,235.85533255799965
770,6063,3.96299527424312237e-02,3.96299527424312237e-02,236.24487955099994
771,6073,3.96299527424312237e-02,3.96557860214449068e-02,236.6328365119998
772,6083,3.95884087375167615e-02,3.95884087375167615e-02,237.02476545199988
773,6093,3.95729136414447041e-02,3.95729136414447041e-02,237.41422326300017
774,6103,3.94206432361218426e-02,3.94206432361218426e-02,237.80270556699998
775,6113,3.93560741381921222e-02,3.93560741381921222e-02,238.21659932700004
776,6123,3.91351776020424369e-02,3.91351776020424369e-02,238.60506422199978
777,6133,3.90778590493594258e-02,3.90778590493594258e-02,239.0011200429999
778,6143,3.90007602501979619e-02,3.90007602501979619e-02,239.38983446899965
779,6153,3.89291361679872175e-02,3.89291361679872175e-02,239.77998735999972
780,6163,3.87936357981322269e-02,3.87936357981322269e-02,240.16972213899953
781,6173,3.83432100291712236e-02,3.83432100291712236e-02,240.56079013900035
782,6183,3.83432100291712236e-02,3.88153183103188554e-02,240.95238702499955
783,6193,3.83432100291712236e-02,3.85492904220973778e-02,241.34040573600032
784,6203,3.76452551916745953e-02,3.76452551916745953e-02,241.73400006799966
785,6213,3.76452551916745953e-02,3.78693393479045820e-02,242.12129488400024
786,6223,3.74111132482565847e-02,3.74111132482565847e-02,242.50739221499953
787,6233,3.74111132482565847e-02,3.74616533894970502e-02,242.89841605699985
788,6243,3.71700054195474583e-02,3.71700054195474583e-02,243.287037436
789,6253,3.71700054195474583e-02,3.73254114321184688e-02,243.6749894630002
790,6263,3.67379459851195841e-02,3.67379459851195841e-02,244.0628699079998
791,6273,3.67379459851195841e-02,3.70129075858677409e-02,244.45201101400016
792,6283,3.65419713916436198e-02,3.65419713916436198e-02,244.85578638799961
793,6293,3.65419713916436198e-02,3.68122269759578943e-02,245.24109356200006
794,6303,3.65419713916436198e-02,3.67769128969962847e-02,245.62787400599973
795,6313,3.61932367201849292e-02,3.61932367201849292e-02,246.01551747800022
796,6323,3.61932367201849292e-02,3.62225112679210801e-02,246.40163484599998
797,6333,3.60013704133494983e-02,3.60013704133494983e-02,246.790550963
798,6343,3.57049527843813219e-02,3.57049527843813219e-02,247.17820198699974
799,6353,3.53652511289418714e-02,3.53652511289418714e-02,247.56576516800033
800,6363,3.53652511289418714e-02,3.57001390954940073e-02,247.95501735800008
801,6373,3.52671118154857313e-02,3.52671118154857313e-02,248.34461605900015
802,6383,3.52671118154857313e-02,3.55184277575718368e-02,248.73437334400023
803,6393,3.52671118154857313e-02,3.55104349635524258e-02,249.1251087849996
804,6403,3.49184254693288079e-02,3.49184254693288079e-02,249.51678490300037
805,6413,3.45591267160428386e-02,3.45591267160428386e-02,249.9121992600003
806,6423,3.45341449035165143e-02,3.45341449035165143e-02,250.30118486300034
807,6433,3.44677706805188305e-02,3.44677706805188305e-02,250.6908216290003
808,6443,3.36597725027492981e-02,3.36597725027492981e-02,251.07940323399998
809,6453,3.33380065747518953e-02,3.33380065747518953e-02,251.4666930909998
810,6463,3.30657325376796374e-02,3.30657325376796374e-02,251.85547730300004
811,6473,3.25108626558514996e-02,3.25108626558514996e-02,252.24576128300032
812,6483,3.25108626558514996e-02,3.30243678289134715e-02,252.63381363999997
813,6493,3.20151568493242319e-02,3.20151568493242319e-02,253.02027917899977
814,6503,3.17113363742055968e-02,3.17113363742055968e-02,253.4102999830002
815,6513,2.99262589103880608e-02,2.99262589103880608e-02,253.80925619699974
816,6523,2.96750608467968024e-02,2.96750608467968024e-02,254.198214174
817,6533,2.96615869258928869e-02,2.96615869258928869e-02,254.58958289299972
818,6543,2.89637863548391460e-02,2.89637863548391460e-02,254.97868416599977
819,6553,2.89637863548391460e-02,2.97258816080129933e-02,255.37412153399964
820,6563,2.89637863548391460e-02,3.07317489968897441e-02,255.76424484000017
821,6573,2.89637863548391460e-02,2.94195241882697321e-02,256.1536855280001
822,6583,2.89637863548391460e-02,3.09898798939262504e-02,256.54522856400035
823,6593,2.89637863548391460e-02,2.93093381281148632e-02,256.94175171999996
824,6603,2.80499882682222201e-02,2.80499882682222201e-02,257.3307048079996
825,6613,2.77575517346802386e-02,2.77575517346802386e-02,257.7185433349996
826,6623,2.77575517346802386e-02,2.80789277106303532e-02,258.1086536160001
827,6633,2.68269196154169963e-02,2.68269196154169963e-02,258.4994110409998
828,6643,2.64853348368451237e-02,2.64853348368451237e-02,258.88732430799973
829,6653,2.62766705004340052e-02,2.62766705004340052e-02,259.27560899499986
830,6663,2.60959192891213644e-02,2.60959192891213644e-02,259.66298879999977
831,6673,2.53014576523186950e-02,2.53014576523186950e-02,260.0514950229999
832,6683,2.48656226086517475e-02,2.48656226086517475e-02,260.45009505799953
833,6693,2.30807032388104377e-02,2.30807032388104377e-02,260.83751755199955
834,6703,2.30807032388104377e-02,2.40465889292073021e-02,261.22713073999967
835,6713,2.27866759275200982e-02,2.27866759275200982e-02,261.61640656300006
836,6723,2.27866759275200982e-02,2.59919708942315218e-02,262.00424369400025
837,6733,2.27866759275200982e-02,2.28035471720812524e-02,262.3937470990004
838,6743,2.04889483823862094e-02,2.04889483823862094e-02,262.78095331199984
839,6753,2.04889483823862094e-02,2.06955731492292350e-02,263.1746220929999
840,6763,1.81429695806877775e-02,1.81429695806877775e-02,263.567688913
841,6773,1.81429695806877775e-02,2.26019644191503832e-02,263.9568187490004
842,6783,1.81429695806877775e-02,2.17612039151140711e-02,264.3530516139999
843,6793,1.81429695806877775e-02,1.99503547701406700e-02,264.74361546599994
844,6803,1.81029170228155269e-02,1.81029170228155269e-02,265.14904145699984
845,6813,1.57935705454408312e-02,1.57935705454408312e-02,265.5371648999999
846,6823,1.57935705454408312e-02,1.84370867285700568e-02,265.92591646100027
847,6833,1.57935705454408312e-02,1.83004313052972621e-02,266.3161022009999
848,6843,1.57935705454408312e-02,1.70655920180516479e-02,266.71101856099995
849,6853,1.57310162590037356e-02,1.57310162590037356e-02,267.1033735029996
850,6863,1.45431889579550715e-02,1.45431889579550715e-02,267.5029787980002
851,6873,1.32242211195771914e-02,1.32242211195771914e-02,267.8928186639996
852,6883,1.32242211195771914e-02,1.48194571908778078e-02,268.2838447559998
853,6893,1.32242211195771914e-02,1.40898524528982536e-02,268.6719946539997
854,6903,1.22634305368923766e-02,1.22634305368923766e-02,269.06265123399953
855,6913,1.22634305368923766e-02,1.36329559029501734e-02,269.45329700799994
856,6923,1.22634305368923766e-02,1.35512190022925114e-02,269.84418364999965
857,6933,1.18971489510005315e-02,1.18971489510005315e-02,270.2369934010003
858,6943,1.18971489510005315e-02,1.30801584384078271e-02,270.6329782439998
859,6953,1.18971489510005315e-02,1.23007927300821523e-02,271.0267764330001
860,6963,1.18971489510005315e-02,1.25421194788747012e-02,271.41696679899997
861,6973,1.18971489510005315e-02,1.23996831174042581e-02,271.8081026809996
862,6983,1.13117684293537312e-02,1.13117684293537312e-02,272.19878241599963
863,6993,1.06507292164420911e-02,1.06507292164420911e-02,272.6004659529999
864,7003,1.06507292164420911e-02,1.07043308814569610e-02,273.00568088599994
865,7013,9.74982319115794485e-03,9.74982319115794485e-03,273.39737587000036
866,7023,8.92335974294945593e-03,8.92335974294945593e-03,273.7872382149999
867,7033,8.92335974294945593e-03,9.03128934001685806e-03,274.1847736310001
868,7043,7.92888921646969953e-03,7.92888921646969953e-03,274.5753587019999
869,7053,7.85235371682079138e-03,7.85235371682079138e-03,274.9717746619999
870,7063,7.85235371682079138e-03,8.33609476774587604e-03,275.3630953740003
871,7073,7.59613032243225406e-03,7.59613032243225406e-03,275.75379063499986
872,7083,7.59613032243225406e-03,7.63054184947978015e-03,276.1454463959999
873,7093,6.81588260745882597e-03,6.81588260745882597e-03,276.53301539400036
874,7103,6.81588260745882597e-03,6.93072147307523170e-03,276.9225623530001
875,7113,6.56860921549812238e-03,6.56860921549812238e-03,277.3164342560003
876,7123,6.38791935168622326e-03,6.38791935168622326e-03,277.70584093599973
877,7133,5.45982971552034634e-03,5.45982971552034634e-03,278.0947695929999
878,7143,5.06769931588830439e-03,5.06769931588830439e-03,278.4849636079998
879,7153,5.06769931588830439e-03,5.33141320716881088e-03,278.8852894439997
880,7163,3.90805399486046472e-03,3.90805399486046472e-03,279.2769342649999
881,7173,3.90805399486046472e-03,4.64115116855670033e-03,279.6672254469995
882,7183,3.90805399486046472e-03,4.48195234572530601e-03,280.0562625619996
883,7193,3.84612124657423898e-03,3.84612124657423898e-03,280.4457988080003
884,7203,2.45173955858200236e-03,2.45173955858200236e-03,280.8368486399995
885,7213,2.45173955858200236e-03,2.96137668740977834e-03,281.2302154449999
886,7223,2.45173955858200236e-03,3.94284060235640735e-03,281.62036835100025
887,7233,2.01745688598231783e-03,2.01745688598231783e-03,282.0210143430004
888,7243,2.01745688598231783e-03,2.15090289076720533e-03,282.41144543599967
889,7253,2.01745688598231783e-03,2.31301406680263413e-03,282.8033290069998
890,7263,2.01745688598231783e-03,2.61478817904838446e-03,283.1969461259996
891,7273,2.01745688598231783e-03,2.21903558103452589e-03,283.5865054550004
892,7283,1.69625570685189128e-03,1.69625570685189128e-03,283.9757985360002
893,7293,1.46423973385491151e-03,1.46423973385491151e-03,284.3652810579997
894,7303,1.46423973385491151e-03,1.90134520913296510e-03,284.7522055620002
895,7313,1.46423973385491151e-03,1.52354970931436171e-03,285.14198381799997
896,7323,1.43061565475639568e-03,1.43061565475639568e-03,285.5358902480002
897,7333,1.28531700268138681e-03,1.28531700268138681e-03,285.92762148699967
898,7343,1.02245022625954349e-03,1.02245022625954349e-03,286.317262392
899,7353,9.14662691078022721e-04,9.14662691078022721e-04,286.71017399500033
900,7363,9.14662691078022721e-04,9.73953373142381527e-04,287.1035239929997
901,7373,8.23630651268891789e-04,8.23630651268891789e-04,287.4980127560002
902,7383,8.23630651268891789e-04,8.44041408499154335e-04,287.89143562499976
903,7393,8.23630651268891789e-04,9.04061380126250738e-04,288.28351734399985
904,7403,8.23630651268891789e-04,8.90003360104289374e-04,288.67536384899995
905,7413,8.23630651268891789e-04,9.67146261507402755e-04,289.06640422300006
906,7423,8.23630651268891789e-04,9.12464656210808223e-04,289.4584560739995
907,7433,7.81774713041711884e-04,7.81774713041711884e-04,289.85154645500006
908,7443,7.07017871687676139e-04,7.07017871687676139e-04,290.2440716049996
909,7453,7.07017871687676139e-04,7.93755945511901784e-04,290.64175633000013
910,7463,7.07017871687676139e-04,7.10075828934832566e-04,291.0328663959999
911,7473,7.07017871687676139e-04,7.19517215224116770e-04,291.4245075580002
912,7483,7.07017871687676139e-04,7.20408524507387790e-04,291.81534271500004
913,7493,7.07017871687676139e-04,7.25860631849876612e-04,292.20909254599974
914,7503,6.87196778297336896e-04,6.87196778297336896e-04,292.59856597700036
915,7513,6.70469178818819921e-04,6.70469178818819921e-04,292.9896218929998
916,7523,6.67589715077297296e-04,6.67589715077297296e-04,293.3811596630003
917,7533,6.67589715077297296e-04,6.71545231962031352e-04,293.7806498680002
918,7543,6.60639092760348205e-04,6.60639092760348205e-04,294.1777016160004
919,7553,6.51831709011938313e-04,6.51831709011938313e-04,294.56961113299985
920,7563,6.48278353003201393e-04,6.48278353003201393e-04,294.9621007169999
921,7573,6.48278353003201393e-04,6.61108799690438747e-04,295.360487209
922,7583,6.48278353003201393e-04,6.51086999599298022e-04,295.7517385020001
923,7593,6.48278353003201393e-04,6.53241182438972826e-04,296.14020831000016
924,7603,6.39541691355689909e-04,6.39541691355689909e-04,296.53104109299966
925,7613,6.39541691355689909e-04,6.41256906765657773e-04,296.91999037799997
926,7623,6.39541691355689909e-04,6.43774986860730131e-04,297.3099601089998
927,7633,6.34305805779351601e-04,6.34305805779351601e-04,297.70020058800037
928,7643,6.31500894641315140e-04,6.31500894641315140e-04,298.09138430500025
929,7653,6.31500894641315140e-04,6.31916855752351846e-04,298.4823889440004
930,7663,6.31500894641315140e-04,6.33828521982081165e-04,298.87426402300025
931,7673,6.30705611669854591e-04,6.30705611669854591e-04,299.27057104399955
932,7683,6.29315935915202192e-04,6.29315935915202192e-04,299.66350070299995
933,7693,6.29315935915202192e-04,6.30300963174323372e-04,300.0563655719998
934,7703,6.29315935915202192e-04,6.30061510772734774e-04,300.4485571240002
935,7713,6.29315935915202192e-04,6.29866033587605980e-04,300.83963037800004
936,7723,6.27629561356245983e-04,6.27629561356245983e-04,301.22966405399984
937,7733,6.26533089168929700e-04,6.26533089168929700e-04,301.62232241499987
938,7743,6.26533089168929700e-04,6.26744203359630935e-04,302.01913659799993
939,7753,6.26299063137519710e-04,6.26299063137519710e-04,302.4100124180004
940,7763,6.26299063137519710e-04,6.26344959946585904e-04,302.80228683099995
941,7773,6.26299063137519710e-04,6.27243887881212764e-04,303.1952172479996
942,7783,6.25392067984924553e-04,6.25392067984924553e-04,303.5898876829997
943,7793,6.25392067984924553e-04,6.26254745927203602e-04,303.9820172230002
944,7803,6.25200203210793696e-04,6.25200203210793696e-04,304.37270413999977
945,7813,6.25200203210793696e-04,6.25384805542574039e-04,304.7723222129998
946,7823,6.25200203210793696e-04,6.25470371181967798e-04,305.16169492599965
947,7833,6.25200203210793696e-04,6.25266584546057365e-04,305.5516677650003
948,7843,6.25019715369281160e-04,6.25019715369281160e-04,305.9434052249999
949,7853,6.25019715369281160e-04,6.25351878521241116e-04,306.333489054
950,7863,6.25019715369281160e-04,6.25175517410918530e-04,306.7231540339999
951,7873,6.25019715369281160e-04,6.25110052570902177e-04,307.1109944660002
952,7883,6.25019715369281160e-04,6.25210705262043386e-04,307.50216182999975
953,7893,6.25019715369281160e-04,6.25026914459529681e-04,307.8933260109998
954,7903,6.24977253881251501e-04,6.24977253881251501e-04,308.28645598799994
955,7913,6.24937449498839514e-04,6.24937449498839514e-04,308.6820234099996
956,7923,6.24822600661389146e-04,6.24822600661389146e-04,309.0816229479997
957,7933,6.24794790374172708e-04,6.24794790374172708e-04,309.46983441700013
958,7943,6.24794790374172708e-04,6.24815530230810674e-04,309.862516356
959,7953,6.24726667161574502e-04,6.24726667161574502e-04,310.2591257160002
960,7963,6.24693149768480445e-04,6.24693149768480445e-04,310.6513051330003
961,7973,6.24693149768480445e-04,6.24709328787069278e-04,311.0443881379997
962,7983,6.24693149768480445e-04,6.24735125342547391e-04,311.44160044599994
963,7993,6.24693149768480445e-04,6.24699051858196709e-04,311.83788204699977
964,8003,6.24693149768480445e-04,6.24721352292754821e-04,312.23695985500035
965,8013,6.24693149768480445e-04,6.24705303870695997e-04,312.6350588710002
966,8023,6.24693149768480445e-04,6.24732605594033818e-04,313.0323135440003
967,8033,6.24693149768480445e-04,6.24710484018365427e-04,313.42676500200014
968,8043,6.24693149768480445e-04,6.24697425728059047e-04,313.82508386100017
969,8053,6.24670840290137298e-04,6.24670840290137298e-04,314.22554014100024
970,8063,6.24670840290137298e-04,6.24675588490909749e-04,314.6238265210004
971,8073,6.24670840290137298e-04,6.24680982952641986e-04,315.0185892520003
972,8083,6.24670840290137298e-04,6.24686630077496961e-04,315.4198386090002
973,8093,6.24670840290137298e-04,6.24681769390844307e-04,315.81326491300024
974,8103,6.24670840290137298e-04,6.24688440625339688e-04,316.2059683819998
975,8113,6.24670840290137298e-04,6.24677835760804336e-04,316.5999086259999
976,8123,6.24670840290137298e-04,6.24677609868942696e-04,316.9924741020004
977,8133,6.24670840290137298e-04,6.24674339763358374e-04,317.3865167269996
978,8143,6.24670840290137298e-04,6.24674224556131912e-04,317.77924784100014
979,8153,6.24670174330284171e-04,6.24670174330284171e-04,318.1751284410002
980,8163,6.24667658068557845e-04,6.24667658068557845e-04,318.5686500390002
981,8173,6.24667658068557845e-04,6.24672278505255260e-04,318.9597348670004
982,8183,6.24667658068557845e-04,6.24669133051951732e-04,319.3565586140003
983,8193,6.24667658068557845e-04,6.24668488100287933e-04,319.75214862099983
984,8203,6.24667658068557845e-04,6.24668428455397236e-04,320.1450661509998
985,8213,6.24664879492655496e-04,6.24664879492655496e-04,320.5370819609998
986,8223,6.24664105931883309e-04,6.24664105931883309e-04,320.9307410350002
987,8233,6.24664105931883309e-04,6.24664463539195886e-04,321.3231001240001
988,8243,6.24662060504352292e-04,6.24662060504352292e-04,321.7152000340002
989,8253,6.24662060504352292e-04,6.24662363065177535e-04,322.10537061299965
990,8263,6.24662032669130209e-04,6.24662032669130209e-04,322.5018781560002
991,8273,6.24660650564268119e-04,6.24660650564268119e-04,322.89577920600004
992,8283,6.24660650564268119e-04,6.24660769440506941e-04,323.28902438099976
993,8293,6.24660537139076679e-04,6.24660537139076679e-04,323.68159993799964
994,8303,6.24660430296428344e-04,6.24660430296428344e-04,324.07583434499975
995,8313,6.24660324973509338e-04,6.24660324973509338e-04,324.4680330179999
996,8323,6.24660324973509338e-04,6.24660724168709888e-04,324.86002625200035
997,8333,6.24660324973509338e-04,6.24660787654790647e-04,325.2499230229996
998,8343,6.24659783985398150e-04,6.24659783985398150e-04,325.644775363
999,8353,6.24659783985398150e-04,6.24660054563605125e-04,326.0452463820002
1000,8363,6.24659783985398150e-04,6.24659846497987656e-04,326.44294336799976
1001,8373,6.24659783985398150e-04,6.24659837330402237e-04,326.8355736470003
1002,8383,6.24659783985398150e-04,6.24659804777192218e-04,327.2289478679995
1003,8393,6.24659783985398150e-04,6.24659796241850405e-04,327.62134674499976
1004,8403,6.24659671930829943e-04,6.24659671930829943e-04,328.0142136510003
1005,8413,6.24659659956021429e-04,6.24659659956021429e-04,328.40565684800004
1006,8423,6.24659596031309551e-04,6.24659596031309551e-04,328.80674165100027
1007,8433,6.24659596031309551e-04,6.24659602951411954e-04,329.19918170100027
1008,8443,6.24659555901351492e-04,6.24659555901351492e-04,329.59029458999976
1009,8453,6.24659555901351492e-04,6.24659583933485289e-04,329.98144046499965
1010,8463,6.24659539625614549e-04,6.24659539625614549e-04,330.3742067049998
1011,8473,6.24659539625614549e-04,6.24659553108346298e-04,330.7685191139999
1012,8483,6.24659539625614549e-04,6.24659551873368033e-04,331.16399840899976
1013,8493,6.24659538318686675e-04,6.24659538318686675e-04,331.55941604300006
1014,8503,6.24659538318686675e-04,6.24659545035372368e-04,331.95088223699986
1015,8513,6.24659518947123945e-04,6.24659518947123945e-04,332.3501472219996
1016,8523,6.24659518947123945e-04,6.24659521500547672e-04,332.74175138099963
1017,8533,6.24659515156911226e-04,6.24659515156911226e-04,333.13431483800014
1018,8543,6.24659510472958023e-04,6.24659510472958023e-04,333.5263352210004
1019,8553,6.24659510472958023e-04,6.24659514216799848e-04,333.92221655899993
1020,8563,6.24659510472958023e-04,6.24659522606475304e-04,334.31556331699994
1021,8573,6.24659510472958023e-04,6.24659517242789788e-04,334.7080502400004
1022,8583,6.24659510472958023e-04,6.24659511042510241e-04,335.1004123499997
1023,8593,6.24659510472958023e-04,6.24659515919032062e-04,335.49284637300025
1024,8603,6.24659510472958023e-04,6.24659513958293090e-04,335.8882739519995
1025,8613,6.24659510052476882e-04,6.24659510052476882e-04,336.2924551119995
1026,8623,6.24659508199064710e-04,6.24659508199064710e-04,336.68569582999953
1027,8633,6.24659506563156287e-04,6.24659506563156287e-04,337.07998177399986
1028,8643,6.24659506563156287e-04,6.24659508792857953e-04,337.4745706670001
1029,8653,6.24659506563156287e-04,6.24659507148486357e-04,337.86614045700026
1030,8663,6.24659506563156287e-04,6.24659508250137896e-04,338.25744150300034
1031,8673,6.24659506563156287e-04,6.24659506725223370e-04,338.6511121829999
1032,8683,6.24659506563156287e-04,6.24659507135840331e-04,339.0522119090001
1033,8693,6.24659506563156287e-04,6.24659507246290067e-04,339.4512557979997
1034,8703,6.24659506563156287e-04,6.24659506826361110e-04,339.84522166399984
1035,8713,6.24659506162255837e-04,6.24659506162255837e-04,340.2414519369995
1036,8723,6.24659506162255837e-04,6.24659506510862831e-04,340.6358950450003
1037,8733,6.24659505561405630e-04,6.24659505561405630e-04,341.02612966200013
1038,8743,6.24659505561405630e-04,6.24659505927363653e-04,341.4189063390004
1039,8753,6.24659505561405630e-04,6.24659505889464933e-04,341.8134171470001
1040,8763,6.24659505561405630e-04,6.24659505771381980e-04,342.20761393999965
1041,8773,6.24659505561405630e-04,6.24659505755119707e-04,342.60044215499966
1042,8783,6.24659505561405630e-04,6.24659505993938003e-04,342.99118114700013
1043,8793,6.24659505561405630e-04,6.24659505707033389e-04,343.38220330999957
1044,8803,6.24659505277785822e-04,6.24659505277785822e-04,343.7722047549996
1045,8813,6.24659504875332470e-04,6.24659504875332470e-04,344.16282526800023
1046,8823,6.24659504875332470e-04,6.24659505270744688e-04,344.554172784
1047,8833,6.24659504875332470e-04,6.24659505783289231e-04,344.9427842899995
1048,8843,6.24659504628651322e-04,6.24659504628651322e-04,345.33607390700035
1049,8853,6.24659504628651322e-04,6.24659504648192765e-04,345.73476480800036
1050,8863,6.24659504628651322e-04,6.24659505744524016e-04,346.12714477899954
1051,8873,6.24659504628651322e-04,6.24659505574950784e-04,346.52047965899965
1052,8883,6.24659504628651322e-04,6.24659505120087315e-04,346.91205395900033
1053,8893,6.24659504628651322e-04,6.24659505758630787e-04,347.3032361400001
1054,8903,6.24659504628651322e-04,6.24659505612641121e-04,347.6921504080001
1055,8913,6.24659504628651322e-04,6.24659505574895707e-04,348.08640765699965
1056,8923,6.24659504628651322e-04,6.24659504825979478e-04,348.4792774870002
1057,8933,6.24659504628651322e-04,6.24659505599346201e-04,348.8743857879999
1058,8943,6.24659504628651322e-04,6.24659505507588219e-04,349.2669352269995
1059,8953,6.24659504628651322e-04,6.24659504764105687e-04,349.6596144519999
1060,8963,6.24659504628651322e-04,6.24659505621199813e-04,350.0597796539996
1061,8973,6.24659504465477160e-04,6.24659504465477160e-04,350.4523024560003
1062,8983,6.24659504465477160e-04,6.24659504791194370e-04,350.8482608889999
1063,8993,6.24659504465477160e-04,6.24659504988402830e-04,351.24057387599987
1064,9003,6.24659504465477160e-04,6.24659505638328039e-04,351.63495012899966
1065,9013,6.24659504465477160e-04,6.24659505443826506e-04,352.0281528280002
1066,9023,6.24659504465477160e-04,6.24659504502367898e-04,352.4244484620003
1067,9033,6.24659504465477160e-04,6.24659505701454410e-04,352.81508024899995
1068,9043,6.24659504465477160e-04,6.24659505344317563e-04,353.204616213
1069,9053,6.24659504465477160e-04,6.24659505405203430e-04,353.5954508149998
1070,9063,6.24659504465477160e-04,6.24659504892395643e-04,353.98555396699976
1071,9073,6.24659504465477160e-04,6.24659504966627714e-04,354.3756656180003
1072,9083,6.24659504465477160e-04,6.24659505613078705e-04,354.7698389919997
1073,9093,6.24659504465477160e-04,6.24659505657590734e-04,355.1612259849999
1074,9103,6.24659504465477160e-04,6.24659505233341990e-04,355.5548407489996
1075,9113,6.24659504465477160e-04,6.24659505296748410e-04,355.9468182789997
1076,9123,6.24659504465477160e-04,6.24659505465270399e-04,356.3404139610002
1077,9133,6.24659504465477160e-04,6.24659505569761793e-04,356.7344838509998
1078,9143,6.24659504465477160e-04,6.24659505773370841e-04,357.1266413829999
1079,9153,6.24659504465477160e-04,6.24659504960023621e-04,357.51707779499975
1080,9163,6.24659504465477160e-04,6.24659505109706622e-04,357.9150253050002
1081,9173,6.24659504465477160e-04,6.24659505105493954e-04,358.30693761600014
1082,9183,6.24659504465477160e-04,6.24659505482880986e-04,358.69713176299956
1083,9193,6.24659504465477160e-04,6.24659504564973852e-04,359.089432793
1084,9203,6.24659504465477160e-04,6.24659505046815632e-04,359.48381147799955
1085,9213,6.24659504465477160e-04,6.24659504916004905e-04,359.874885102
1086,9223,6.24659504465477160e-04,6.24659504633463662e-04,360.26760703499986
1087,9233,6.24659504465477160e-04,6.24659504774991185e-04,360.65830889599965
1088,9243,6.24659502043172182e-04,6.24659502043172182e-04,361.048154653
1089,9253,6.24659502043172182e-04,6.24659505071849426e-04,361.44068966899977
1090,9263,6.24659502043172182e-04,6.24659503779108013e-04,361.83414978899964
1091,9273,6.24659502043172182e-04,6.24659505094340983e-04,362.226859675
1092,9283,6.24659502043172182e-04,6.24659504295614447e-04,362.62090306499977
1093,9293,6.24659502043172182e-04,6.24659505464909902e-04,363.01338993100035
1094,9303,6.24659502043172182e-04,6.24659505440002200e-04,363.4078928429999
1095,9313,6.24659502043172182e-04,6.24659504974098192e-04,363.7991718940002
1096,9323,6.24659502043172182e-04,6.24659504936748620e-04,364.1907895309996
1097,9333,6.24659502043172182e-04,6.24659505534960963e-04,364.58168290399954
1098,9343,6.24659502043172182e-04,6.24659505052590960e-04,364.98134096099966
1099,9353,6.24659502043172182e-04,6.24659505412823203e-04,365.3728179740001
1100,9363,6.24659502043172182e-04,6.24659504976334359e-04,365.7637550190002
1101,9373,6.24659502043172182e-04,6.24659505344093784e-04,366.155083611
1102,9383,6.24659502043172182e-04,6.24659505522807165e-04,366.54479839299984
1103,9393,6.24659502043172182e-04,6.24659504044246835e-04,366.935831969
1104,9403,6.24659502043172182e-04,6.24659504674371369e-04,367.3261518099998
1105,9413,6.24659502043172182e-04,6.24659505117022818e-04,367.7176045619999
1106,9423,6.24659502043172182e-04,6.24659505323151118e-04,368.1107195000004
1107,9433,6.24659502043172182e-04,6.24659504247482809e-04,368.50087734800036
1108,9443,6.24659502043172182e-04,6.24659505324395565e-04,368.8911740479998
1109,9453,6.24659502043172182e-04,6.24659505043084892e-04,369.28227146300014
1110,9463,6.24659502043172182e-04,6.24659504949246760e-04,369.6845927309996
1111,9473,6.24659502043172182e-04,6.24659504926243243e-04,370.07884712099985
1112,9483,6.24659502043172182e-04,6.24659505513287545e-04,370.4721510540003
1113,9493,6.24659502043172182e-04,6.24659504267674882e-04,370.86381953599994
1114,9503,6.24659502043172182e-04,6.24659505477748048e-04,371.25674742199953
1115,9513,6.24659502043172182e-04,6.24659505249566859e-04,371.6500966800004
1116,9523,6.24659502043172182e-04,6.24659502662810854e-04,372.0433916230004
1117,9533,6.24659502043172182e-04,6.24659505720131418e-04,372.4369588239997
1118,9543,6.24659502043172182e-04,6.24659505477739049e-04,372.831000399
1119,9553,6.24659502043172182e-04,6.24659505337460744e-04,373.222448212
1120,9563,6.24659502043172182e-04,6.24659504910405759e-04,373.61631362800017
1121,9573,6.24659502043172182e-04,6.24659505520303417e-04,374.01312722999955
1122,9583,6.24659502043172182e-04,6.24659505124672406e-04,374.4139497309998
1123,9593,6.24659502043172182e-04,6.24659504881618782e-04,374.80664843500017
1124,9603,6.24659502043172182e-04,6.24659504088308270e-04,375.1987910689995
1125,9613,6.24659502043172182e-04,6.24659505062064176e-04,375.59624488699956
1126,9623,6.24659502043172182e-04,6.24659505056032434e-04,375.9938266400004
1127,9633,6.24659502043172182e-04,6.24659505492903677e-04,376.3856884750003
1128,9643,6.24659502043172182e-04,6.24659505275533176e-04,376.77801153699966
1129,9653,6.24659502043172182e-04,6.24659505398254778e-04,377.17058506099966
1130,9663,6.24659502043172182e-04,6.24659505457577117e-04,377.5618734230002
1131,9673,6.24659502043172182e-04,6.24659505021953683e-04,377.9603852709997
1132,9683,6.24659502043172182e-04,6.24659505461889314e-04,378.3526615560004
1133,9693,6.24659502043172182e-04,6.24659505476873964e-04,378.7443000530002
1134,9703,6.24659502043172182e-04,6.24659505314040025e-04,379.13651928000036
1135,9713,6.24659502043172182e-04,6.24659505479962097e-04,379.52735912200023
1136,9723,6.24659502043172182e-04,6.24659504378909146e-04,379.9182090860004
1137,9733,6.24659502043172182e-04,6.24659505167568215e-04,380.31150880600035
1138,9743,6.24659502043172182e-04,6.24659504911253172e-04,380.7109038030003
1139,9753,6.24659502043172182e-04,6.24659505357520869e-04,381.10360610099997
1140,9763,6.24659502043172182e-04,6.24659505032792019e-04,381.49762095000006
1141,9773,6.24659501830672459e-04,6.24659501830672459e-04,381.89021909999974
1142,9783,6.24659501830672459e-04,6.24659505209767532e-04,382.28389625599993
1143,9793,6.24659501830672459e-04,6.24659504895396390e-04,382.67466800700004
1144,9803,6.24659501830672459e-04,6.24659505429867186e-04,383.0679626600004
1145,9813,6.24659501830672459e-04,6.24659505552780801e-04,383.45934898700034
1146,9823,6.24659501830672459e-04,6.24659504766778462e-04,383.85091370400005
1147,9833,6.24659501830672459e-04,6.24659505786701323e-04,384.2448909880004
1148,9843,6.24659501830672459e-04,6.24659505132971432e-04,384.63797566999983
1149,9853,6.24659501830672459e-04,6.24659505065126505e-04,385.0338450379995
1150,9863,6.24659501830672459e-04,6.24659505344476074e-04,385.4260307220002
1151,9873,6.24659501830672459e-04,6.24659505699691605e-04,385.81567284599987
1152,9883,6.24659501830672459e-04,6.24659505513558162e-04,386.20535148900035
1153,9893,6.24659501830672459e-04,6.24659504708234147e-04,386.5972998799998
1154,9903,6.24659501830672459e-04,6.24659505804866155e-04,386.9914881450004
1155,9913,6.24659501830672459e-04,6.24659505146334983e-04,387.38336306600013
1156,9923,6.24659501830672459e-04,6.24659505481709506e-04,387.7743051560001
1157,9933,6.24659501830672459e-04,6.24659504306767852e-04,388.16729115700036
1158,9943,6.24659501830672459e-04,6.24659505525090170e-04,388.55838367700017
1159,9953,6.24659501830672459e-04,6.24659505589169771e-04,388.9594894849997
1160,9963,6.24659501830672459e-04,6.24659505521933190e-04,389.35710632799965
1161,9973,6.24659501830672459e-04,6.24659505520490550e-04,389.74938666599974
1162,9983,6.24659501830672459e-04,6.24659505607285596e-04,390.1439639709997
1163,9993,6.24659501830672459e-04,6.24659505563065543e-04,390.53639098999975
1164,10003,6.24659501830672459e-04,6.24659504721968495e-04,390.92757866600004
1165,10013,6.24659501830672459e-04,6.24659505497749084e-04,391.3169779359996
1166,10023,6.24659501830672459e-04,6.24659505457081528e-04,391.70909700799984
1167,10033,6.24659501830672459e-04,6.24659505493942993e-04,392.10034268399977
1168,10043,6.24659501830672459e-04,6.24659504629939029e-04,392.4937231220001
1169,10053,6.24659501830672459e-04,6.24659504942469304e-04,392.8838700139995
1170,10063,6.24659501830672459e-04,6.24659505497504488e-04,393.27727258399955
1171,10073,6.24659501830672459e-04,6.24659504509851387e-04,393.67029788000036
1172,10083,6.24659501830672459e-04,6.24659505307172363e-04,394.06379628000013
1173,10093,6.24659501830672459e-04,6.24659505479601166e-04,394.45649893799964
1174,10103,6.24659501830672459e-04,6.24659505504361525e-04,394.8488446049996
1175,10113,6.24659501830672459e-04,6.24659505565580133e-04,395.24028479499975
1176,10123,6.24659501830672459e-04,6.24659505218162076e-04,395.6331542050002
1177,10133,6.24659501830672459e-04,6.24659505312525070e-04,396.0256033779997
1178,10143,6.24659501830672459e-04,6.24659504771845264e-04,396.4212522050002
1179,10153,6.24659501830672459e-04,6.24659505479352884e-04,396.81739480600027
1180,10163,6.24659501830672459e-04,6.24659504477215384e-04,397.2110269049999
1181,10173,6.24659501830672459e-04,6.24659505533949619e-04,397.6055705110002
1182,10183,6.24659501830672459e-04,6.24659504874954083e-04,397.99801245900017
1183,10193,6.24659501830672459e-04,6.24659504419706373e-04,398.3894816909997
1184,10203,6.24659501830672459e-04,6.24659505520412813e-04,398.7850963519995
1185,10213,6.24659501830672459e-04,6.24659505536181449e-04,399.1815111570004
1186,10223,6.24659501830672459e-04,6.24659504865898935e-04,399.5785749030001
1187,10233,6.24659501830672459e-04,6.24659503990141244e-04,399.96772128199973
1188,10243,6.24659501830672459e-04,6.24659504088226954e-04,400.35587757400026
1189,10253,6.24659501830672459e-04,6.24659503936530265e-04,400.7474170329997
1190,10263,6.24659501830672459e-04,6.24659505376097264e-04,401.1432539999996
1191,10273,6.24659501830672459e-04,6.24659504570122944e-04,401.5366876629996
1192,10283,6.24659501830672459e-04,6.24659504684911548e-04,401.9257995759999
1193,10293,6.24659501830672459e-04,6.24659504926737747e-04,402.3168276890001
1194,10303,6.24659501830672459e-04,6.24659505353431367e-04,402.7076119029998
1195,10313,6.24659501830672459e-04,6.24659504675564533e-04,403.102504728
1196,10323,6.24659501830672459e-04,6.24659504674271839e-04,403.494446271
1197,10333,6.24659501830672459e-04,6.24659504884473270e-04,403.8867282450001
1198,10343,6.24659501830672459e-04,6.24659504025152842e-04,404.2850968140001
1199,10353,6.24659501830672459e-04,6.24659505138043655e-04,404.6774728199998
1200,10363,6.24659501830672459e-04,6.24659505301395626e-04,405.07285707200026
1201,10373,6.24659501830672459e-04,6.24659504938411460e-04,405.4677319860002
1202,10383,6.24659501830672459e-04,6.24659505430044562e-04,405.86784773099953
1203,10393,6.24659501830672459e-04,6.24659505421305242e-04,406.26144261900026
1204,10403,6.24659501830672459e-04,6.24659505467244081e-04,406.66277164300027
1205,10413,6.24659501830672459e-04,6.24659505490793928e-04,407.05371977199957
1206,10423,6.24659501830672459e-04,6.24659504510680259e-04,407.44961841500026
1207,10433,6.24659501830672459e-04,6.24659505519898576e-04,407.8439854970002
1208,10443,6.24659501830672459e-04,6.24659505479169762e-04,408.2394364259999
1209,10453,6.24659501830672459e-04,6.24659504539201173e-04,408.6404661309998
1210,10463,6.24659501830672459e-04,6.24659505515473730e-04,409.0328753470003
1211,10473,6.24659501830672459e-04,6.24659505412988869e-04,409.42731722699955
1212,10483,6.24659501830672459e-04,6.24659505435774354e-04,409.8192613559995
1213,10493,6.24659501830672459e-04,6.24659505322980573e-04,410.2123813569997
1214,10503,6.24659501830672459e-04,6.24659504469328246e-04,410.60405848200026
1215,10513,6.24659501830672459e-04,6.24659505556100303e-04,411.0007641780003
1216,10523,6.24659501830672459e-04,6.24659504979900517e-04,411.3956539130004
1217,10533,6.24659501830672459e-04,6.24659505642451043e-04,411.7910551770001
1218,10543,6.24659501830672459e-04,6.24659505547779702e-04,412.1857552629999
1219,10553,6.24659501830672459e-04,6.24659505589606704e-04,412.578152776
1220,10563,6.24659501830672459e-04,6.24659505622876423e-04,412.9719596060004
1221,10573,6.24659501830672459e-04,6.24659504532190288e-04,413.3690236350003
1222,10583,6.24659501830672459e-04,6.24659505216742204e-04,413.7590896210004
1223,10593,6.24659501830672459e-04,6.24659505522558774e-04,414.15152484699956
1224,10603,6.24659501830672459e-04,6.24659504861410663e-04,414.5469234149996
1225,10613,6.24659501830672459e-04,6.24659505465167508e-04,414.93935995300035
1226,10623,6.24659501830672459e-04,6.24659505026398912e-04,415.33272373599993
1227,10623,6.24659501830672459e-04,6.24659505026398912e-04,415.332833855
